NCRAS_Draw	Stage	tAge	IR
Prostate	I	50	1.099527719533872
Prostate	I	51	6.8642679207893345
Prostate	I	52	12.569862120523812
Prostate	I	53	18.266719049177123
Prostate	I	54	23.9088806713396
Prostate	I	55	29.398881620250375
Prostate	I	56	34.63663935268226
Prostate	I	57	39.52194140745541
Prostate	I	58	43.96694954116693
Prostate	I	59	48.1686560657107
Prostate	I	60	52.60892444366591
Prostate	I	61	57.78203486950282
Prostate	I	62	64.18205194690329
Prostate	I	63	72.27352000178705
Prostate	I	64	81.85337969340908
Prostate	I	65	92.0516778409665
Prostate	I	66	101.9699664498728
Prostate	I	67	110.71006272895451
Prostate	I	68	117.40466086579251
Prostate	I	69	121.89898386687534
Prostate	I	70	124.74947830639776
Prostate	I	71	126.54125836686084
Prostate	I	72	127.8582680378738
Prostate	I	73	129.27161766651315
Prostate	I	74	131.03369714051888
Prostate	I	75	133.07751588316458
Prostate	I	76	135.32291538273995
Prostate	I	77	137.68895742275868
Prostate	I	78	140.09471002991586
Prostate	I	79	142.4982511368139
Prostate	II	50	2.579363695057771
Prostate	II	51	5.475287269533325
Prostate	II	52	8.436000443163605
Prostate	II	53	11.40323253992612
Prostate	II	54	14.3542240606365
Prostate	II	55	17.252963444676702
Prostate	II	56	20.063573954743273
Prostate	II	57	22.750473478249365
Prostate	II	58	25.284221341268108
Prostate	II	59	27.773655004442684
Prostate	II	60	30.46590463529523
Prostate	II	61	33.61416360519311
Prostate	II	62	37.47156146312192
Prostate	II	63	42.27465119432884
Prostate	II	64	47.882807729256534
Prostate	II	65	53.77855827501165
Prostate	II	66	59.4282921841669
Prostate	II	67	64.29846583766518
Prostate	II	68	67.87409432874597
Prostate	II	69	70.07086781851824
Prostate	II	70	71.23408080742077
Prostate	II	71	71.72571689054813
Prostate	II	72	71.9063960135219
Prostate	II	73	72.12828403774886
Prostate	II	74	72.54719043789711
Prostate	II	75	73.12284319696228
Prostate	II	76	73.80757919287245
Prostate	II	77	74.55399209568935
Prostate	II	78	75.31535265270877
Prostate	II	79	76.06779678701274
Prostate	III	50	0.1624968416716227
Prostate	III	51	2.794881301922618
Prostate	III	52	5.384425710359028
Prostate	III	53	7.969923590473523
Prostate	III	54	10.572726558165671
Prostate	III	55	13.228907605848107
Prostate	III	56	15.974646638902948
Prostate	III	57	18.845896457648458
Prostate	III	58	21.880915370778556
Prostate	III	59	25.173526190695956
Prostate	III	60	28.87305539924379
Prostate	III	61	33.13111080415256
Prostate	III	62	38.09929470739103
Prostate	III	63	43.91813769014384
Prostate	III	64	50.47012569086662
Prostate	III	65	57.37961034551169
Prostate	III	66	64.25971066370155
Prostate	III	67	70.72352770006705
Prostate	III	68	76.39424579140132
Prostate	III	69	81.12541947099297
Prostate	III	70	85.00144330507393
Prostate	III	71	88.11712459831958
Prostate	III	72	90.56631643507548
Prostate	III	73	92.44005164901947
Prostate	III	74	93.83126527960694
Prostate	III	75	94.83764960824162
Prostate	III	76	95.55860074469163
Prostate	III	77	96.09679777646257
Prostate	III	78	96.55700381153054
Prostate	III	79	96.99456619789083
Prostate	IV	50	1.2974311034456827
Prostate	IV	51	2.5135455648551988
Prostate	IV	52	3.766856480445563
Prostate	IV	53	5.025694798428675
Prostate	IV	54	6.319727064424576
Prostate	IV	55	7.7116959411288235
Prostate	IV	56	9.265982057541123
Prostate	IV	57	11.047028440961034
Prostate	IV	58	13.117733684937328
Prostate	IV	59	15.505688003863266
Prostate	IV	60	18.2031788995475
Prostate	IV	61	21.20100934323682
Prostate	IV	62	24.490267225109857
Prostate	IV	63	28.062007165802758
Prostate	IV	64	31.894468018124275
Prostate	IV	65	35.9521223687547
Prostate	IV	66	40.198106267194476
Prostate	IV	67	44.59524148615253
Prostate	IV	68	49.10616933562724
Prostate	IV	69	53.684742783906195
Prostate	IV	70	58.277932600859714
Prostate	IV	71	62.83627862545514
Prostate	IV	72	67.31380875935449
Prostate	IV	73	71.66816780125482
Prostate	IV	74	75.89888034140498
Prostate	IV	75	80.04488083549867
Prostate	IV	76	84.14346787053643
Prostate	IV	77	88.22917996842348
Prostate	IV	78	92.3336034547006
Prostate	IV	79	96.47161365718102
Cervix	I	50	2.6441816566790353
Cervix	I	51	2.5881296497674
Cervix	I	52	2.5325049512652775
Cervix	I	53	2.4773058878474976
Cervix	I	54	2.422762845013634
Cervix	I	55	2.3693123963980534
Cervix	I	56	2.3173632366780104
Cervix	I	57	2.2672929899184564
Cervix	I	58	2.219263718946502
Cervix	I	59	2.16897918260686
Cervix	I	60	2.1076588053541374
Cervix	I	61	2.026232769051639
Cervix	I	62	1.9154382591803212
Cervix	I	63	1.7662538978033064
Cervix	I	64	1.583349369471574
Cervix	I	65	1.3856249271789969
Cervix	I	66	1.1932941844954734
Cervix	I	67	1.0278804627537002
Cervix	I	68	0.911875346888907
Cervix	I	69	0.8515040750221334
Cervix	I	70	0.8349095710584892
Cervix	I	71	0.8485156396243863
Cervix	I	72	0.8782963307123876
Cervix	I	73	0.91038073563716
Cervix	I	74	0.9380951659797632
Cervix	I	75	0.9620374895342622
Cervix	I	76	0.983142577205589
Cervix	I	77	1.0023925458230674
Cervix	I	78	1.0208094670877979
Cervix	I	79	1.0389448059469348
Cervix	II	50	1.1557987863471333
Cervix	II	51	1.2097597199117331
Cervix	II	52	1.2634525277784974
Cervix	II	53	1.3168447467434705
Cervix	II	54	1.368988725777704
Cervix	II	55	1.4180426347928308
Cervix	II	56	1.4621548342925932
Cervix	II	57	1.4994957879439905
Cervix	II	58	1.5282918042007936
Cervix	II	59	1.5477859310036428
Cervix	II	60	1.5582351204315517
Cervix	II	61	1.5599587162321626
Cervix	II	62	1.553348532078164
Cervix	II	63	1.5390408483084876
Cervix	II	64	1.519503748157266
Cervix	II	65	1.498732130533046
Cervix	II	66	1.4803683031690558
Cervix	II	67	1.4673655245596375
Cervix	II	68	1.4619027493446883
Cervix	II	69	1.4651089633236676
Cervix	II	70	1.4777997301183416
Cervix	II	71	1.5010981602758369
Cervix	II	72	1.5361380882219375
Cervix	II	73	1.5839315394506956
Cervix	II	74	1.643768618535655
Cervix	II	75	1.713234999925826
Cervix	II	76	1.7898366839030015
Cervix	II	77	1.8709891823916038
Cervix	II	78	1.9540269187293735
Cervix	II	79	2.037526633128911
Cervix	III	50	0.33879140636599603
Cervix	III	51	0.3824548485575366
Cervix	III	52	0.42587824976615424
Cervix	III	53	0.46899022510585975
Cervix	III	54	0.5099301055136071
Cervix	III	55	0.5450801761877332
Cervix	III	56	0.5707890838639684
Cervix	III	57	0.5834325952140382
Cervix	III	58	0.5796204259280889
Cervix	III	59	0.5612312972783755
Cervix	III	60	0.5353616009365744
Cervix	III	61	0.5092778300261896
Cervix	III	62	0.49029095313722854
Cervix	III	63	0.48568910197145376
Cervix	III	64	0.49731976305040143
Cervix	III	65	0.5213121710022796
Cervix	III	66	0.5532379051895278
Cervix	III	67	0.5879695473974355
Cervix	III	68	0.6195895657697588
Cervix	III	69	0.6451226031492161
Cervix	III	70	0.665473519984365
Cervix	III	71	0.6821348842407382
Cervix	III	72	0.6967461379908807
Cervix	III	73	0.7108993297591784
Cervix	III	74	0.7253082591880474
Cervix	III	75	0.7398533604912702
Cervix	III	76	0.754410553479971
Cervix	III	77	0.7688804380896569
Cervix	III	78	0.7831849007918004
Cervix	III	79	0.7972959565135237
Cervix	IV	50	0.7486858348950703
Cervix	IV	51	0.7397369053753386
Cervix	IV	52	0.7308688341268522
Cervix	IV	53	0.7221576746155488
Cervix	IV	54	0.7154741306535889
Cervix	IV	55	0.7144561798852886
Cervix	IV	56	0.7227836588334013
Cervix	IV	57	0.7441182515337249
Cervix	IV	58	0.7818533709838175
Cervix	IV	59	0.8330921042640901
Cervix	IV	60	0.8887274134767048
Cervix	IV	61	0.9395149717237733
Cervix	IV	62	0.976286503098207
Cervix	IV	63	0.9902932871011244
Cervix	IV	64	0.9830046837033122
Cervix	IV	65	0.966151221324079
Cervix	IV	66	0.9519429360161693
Cervix	IV	67	0.9526682028855614
Cervix	IV	68	0.9801382489412035
Cervix	IV	69	1.035852496366766
Cervix	IV	70	1.1111399403527553
Cervix	IV	71	1.1970801389355665
Cervix	IV	72	1.2850448067997722
Cervix	IV	73	1.3668420520930382
Cervix	IV	74	1.4393942755211737
Cervix	IV	75	1.5046014601521966
Cervix	IV	76	1.5645330068184462
Cervix	IV	77	1.6212768786608525
Cervix	IV	78	1.6769328403361605
Cervix	IV	79	1.7325937676725853
Ovary	I	50	7.280846041319503
Ovary	I	51	7.288142042538337
Ovary	I	52	7.297858147205003
Ovary	I	53	7.309698395227887
Ovary	I	54	7.325872417863084
Ovary	I	55	7.3508954048399895
Ovary	I	56	7.389207354769192
Ovary	I	57	7.445143217420658
Ovary	I	58	7.522767441017617
Ovary	I	59	7.620712320985089
Ovary	I	60	7.73230450333254
Ovary	I	61	7.850778249094935
Ovary	I	62	7.969489332118729
Ovary	I	63	8.081962272724917
Ovary	I	64	8.1814062546024
Ovary	I	65	8.260207038440049
Ovary	I	66	8.310127781445328
Ovary	I	67	8.322386207457155
Ovary	I	68	8.288470054984629
Ovary	I	69	8.215635305033942
Ovary	I	70	8.127280395608398
Ovary	I	71	8.047806745397164
Ovary	I	72	8.002002337361638
Ovary	I	73	8.014290415637648
Ovary	I	74	8.090066442355708
Ovary	I	75	8.215437359917715
Ovary	I	76	8.375688602599372
Ovary	I	77	8.556037755033833
Ovary	I	78	8.741901193080237
Ovary	I	79	8.925899189154883
Ovary	II	50	1.083630297512848
Ovary	II	51	1.1159142055208915
Ovary	II	52	1.1483922509300117
Ovary	II	53	1.1810830720075083
Ovary	II	54	1.215178666237403
Ovary	II	55	1.2530208648825558
Ovary	II	56	1.2969837724489353
Ovary	II	57	1.349444004281726
Ovary	II	58	1.4126120843962904
Ovary	II	59	1.4843080795351338
Ovary	II	60	1.557913487068118
Ovary	II	61	1.6265571832684473
Ovary	II	62	1.6833116839546292
Ovary	II	63	1.721617322357455
Ovary	II	64	1.7435714872698684
Ovary	II	65	1.7598557994333068
Ovary	II	66	1.781437820685861
Ovary	II	67	1.8192713177958728
Ovary	II	68	1.8840324742985373
Ovary	II	69	1.9767206202482805
Ovary	II	70	2.0884582097387088
Ovary	II	71	2.2097711042659527
Ovary	II	72	2.3308337113371174
Ovary	II	73	2.4416040625688447
Ovary	II	74	2.5380627250589
Ovary	II	75	2.622653207858124
Ovary	II	76	2.6983028750608207
Ovary	II	77	2.7681698724063786
Ovary	II	78	2.8355621771293498
Ovary	II	79	2.9022642744554803
Ovary	III	50	3.214570839161924
Ovary	III	51	3.7324377063208463
Ovary	III	52	4.248633833552021
Ovary	III	53	4.763292075546205
Ovary	III	54	5.273174787828601
Ovary	III	55	5.771821163496087
Ovary	III	56	6.252755875960137
Ovary	III	57	6.7095626037537075
Ovary	III	58	7.1367485549211676
Ovary	III	59	7.550298990114758
Ovary	III	60	7.987655008843919
Ovary	III	61	8.487171398187717
Ovary	III	62	9.087196355580708
Ovary	III	63	9.8237716631051
Ovary	III	64	10.681903460650632
Ovary	III	65	11.595903380736729
Ovary	III	66	12.49824488683358
Ovary	III	67	13.321591153638076
Ovary	III	68	14.001357731636608
Ovary	III	69	14.539764620120636
Ovary	III	70	15.006196691051919
Ovary	III	71	15.473384688820483
Ovary	III	72	16.014867689773165
Ovary	III	73	16.702950984948032
Ovary	III	74	17.557757084403413
Ovary	III	75	18.546130847542283
Ovary	III	76	19.631897858486457
Ovary	III	77	20.77814623465402
Ovary	III	78	21.948078111166414
Ovary	III	79	23.122527682618397
Ovary	IV	50	1.5855685141373346
Ovary	IV	51	1.8634394961624143
Ovary	IV	52	2.1403669772663325
Ovary	IV	53	2.4164670496147878
Ovary	IV	54	2.690894729713833
Ovary	IV	55	2.9619201799849386
Ovary	IV	56	3.2278426254428254
Ovary	IV	57	3.487004823982131
Ovary	IV	58	3.7381544081639757
Ovary	IV	59	3.988895227943482
Ovary	IV	60	4.255631173137564
Ovary	IV	61	4.555089263366009
Ovary	IV	62	4.903937955536324
Ovary	IV	63	5.318035076126669
Ovary	IV	64	5.796581291295799
Ovary	IV	65	6.322359882042489
Ovary	IV	66	6.877748478904629
Ovary	IV	67	7.4454942296317235
Ovary	IV	68	8.009141675905964
Ovary	IV	69	8.560810148250804
Ovary	IV	70	9.100659150145722
Ovary	IV	71	9.628638125712794
Ovary	IV	72	10.143853076834064
Ovary	IV	73	10.64445657841645
Ovary	IV	74	11.130117711871623
Ovary	IV	75	11.602937266043028
Ovary	IV	76	12.065604631138042
Ovary	IV	77	12.52138373206521
Ovary	IV	78	12.974019024710701
Ovary	IV	79	13.425635443187298
Uterus	I	50	6.27497284592867
Uterus	I	51	8.640741776244289
Uterus	I	52	10.999875509027367
Uterus	I	53	13.354628550112496
Uterus	I	54	15.681627790915748
Uterus	I	55	17.93319327567573
Uterus	I	56	20.060417096860473
Uterus	I	57	22.014219961480524
Uterus	I	58	23.746913340561413
Uterus	I	59	25.246990929754734
Uterus	I	60	26.539149702622666
Uterus	I	61	27.64959148649076
Uterus	I	62	28.60461071725838
Uterus	I	63	29.431020172202594
Uterus	I	64	30.16142618451012
Uterus	I	65	30.83394952041433
Uterus	I	66	31.486774008392302
Uterus	I	67	32.15781557104511
Uterus	I	68	32.88262348062339
Uterus	I	69	33.647915912335066
Uterus	I	70	34.39171840781106
Uterus	I	71	35.04990503368592
Uterus	I	72	35.558021646992074
Uterus	I	73	35.85311559854118
Uterus	I	74	35.92547346390237
Uterus	I	75	35.81949032383501
Uterus	I	76	35.58240226381854
Uterus	I	77	35.26239595955204
Uterus	I	78	34.90788976506314
Uterus	I	79	34.54409512611182
Uterus	II	50	0.6469284978346526
Uterus	II	51	0.8035354937426606
Uterus	II	52	0.9608478514423598
Uterus	II	53	1.1183896775013364
Uterus	II	54	1.2729844464027782
Uterus	II	55	1.4186361776365135
Uterus	II	56	1.549250873411341
Uterus	II	57	1.6587249102183697
Uterus	II	58	1.741391621619026
Uterus	II	59	1.8025492759913861
Uterus	II	60	1.858576403875074
Uterus	II	61	1.9264746522749516
Uterus	II	62	2.023360238391906
Uterus	II	63	2.165525223857119
Uterus	II	64	2.3497945506676423
Uterus	II	65	2.553534022361198
Uterus	II	66	2.7532885198607246
Uterus	II	67	2.9256918853200284
Uterus	II	68	3.0484231014461125
Uterus	II	69	3.1211086166554223
Uterus	II	70	3.165227313793883
Uterus	II	71	3.2031449400784013
Uterus	II	72	3.2572763717712823
Uterus	II	73	3.3496273558903935
Uterus	II	74	3.4870538257612416
Uterus	II	75	3.661002187217178
Uterus	II	76	3.8621295573483994
Uterus	II	77	4.080799714881106
Uterus	II	78	4.307175365704249
Uterus	II	79	4.536074424086699
Uterus	III	50	1.3576809235954692
Uterus	III	51	1.467141608788282
Uterus	III	52	1.5815715233232868
Uterus	III	53	1.6985920651867323
Uterus	III	54	1.8191418583796084
Uterus	III	55	1.9464819337928996
Uterus	III	56	2.0841007858173186
Uterus	III	57	2.235622578834248
Uterus	III	58	2.4047443651770948
Uterus	III	59	2.5933351310617585
Uterus	III	60	2.801359853572079
Uterus	III	61	3.0286725629832714
Uterus	III	62	3.2750120953592625
Uterus	III	63	3.5397049193586443
Uterus	III	64	3.81633932193911
Uterus	III	65	4.092916185121705
Uterus	III	66	4.357277379439807
Uterus	III	67	4.59736220201738
Uterus	III	68	4.801875896554277
Uterus	III	69	4.975291444119782
Uterus	III	70	5.137814753264988
Uterus	III	71	5.310388913179343
Uterus	III	72	5.51416313955616
Uterus	III	73	5.770049117745815
Uterus	III	74	6.083484716595846
Uterus	III	75	6.443977954117805
Uterus	III	76	6.840075079549915
Uterus	III	77	7.259817855251882
Uterus	III	78	7.690848053784346
Uterus	III	79	8.126599257011934
Uterus	IV	50	0.4963402561281342
Uterus	IV	51	0.5901407130486467
Uterus	IV	52	0.6849017763678137
Uterus	IV	53	0.7801923387055753
Uterus	IV	54	0.8768770823622379
Uterus	IV	55	0.9769093541111711
Uterus	IV	56	1.0823099092859665
Uterus	IV	57	1.1951448444047288
Uterus	IV	58	1.31754078543959
Uterus	IV	59	1.4514114503389317
Uterus	IV	60	1.5983972114125087
Uterus	IV	61	1.7600825560414355
Uterus	IV	62	1.937959987048311
Uterus	IV	63	2.133188299319643
Uterus	IV	64	2.3421445738991364
Uterus	IV	65	2.5565445429116482
Uterus	IV	66	2.767968920807363
Uterus	IV	67	2.968079940091046
Uterus	IV	68	3.148911292098834
Uterus	IV	69	3.309378161161581
Uterus	IV	70	3.455268602306819
Uterus	IV	71	3.5927139961591243
Uterus	IV	72	3.7279186773959383
Uterus	IV	73	3.867066954875701
Uterus	IV	74	4.012928135470499
Uterus	IV	75	4.1647029917662275
Uterus	IV	76	4.3213371575180695
Uterus	IV	77	4.481623501504033
Uterus	IV	78	4.6441954208607354
Uterus	IV	79	4.808282516476179
Anus	I	50	0.30237459131272765
Anus	I	51	0.37814583461892765
Anus	I	52	0.4538226185943945
Anus	I	53	0.5293713838381886
Anus	I	54	0.6035405341423611
Anus	I	55	0.6738736068723362
Anus	I	56	0.7378699378681933
Anus	I	57	0.7930252234260684
Anus	I	58	0.8368911071378867
Anus	I	59	0.868672938600804
Anus	I	60	0.8892469436710598
Anus	I	61	0.8995771337267995
Anus	I	62	0.9006521754214224
Anus	I	63	0.893536067726786
Anus	I	64	0.8804533437819186
Anus	I	65	0.8647739270579002
Anus	I	66	0.849910335449342
Anus	I	67	0.8392585901057701
Anus	I	68	0.8361003610588646
Anus	I	69	0.8416986382253432
Anus	I	70	0.8553348808743605
Anus	I	71	0.8762524752058956
Anus	I	72	0.903760683986522
Anus	I	73	0.9372151990299281
Anus	I	74	0.9757892244178158
Anus	I	75	1.0184245760224355
Anus	I	76	1.0640174778713478
Anus	I	77	1.111442601910346
Anus	I	78	1.1595882904193073
Anus	I	79	1.2078809210384338
Anus	II	50	0.7392320333611829
Anus	II	51	0.8154880706990273
Anus	II	52	0.8917182786899568
Anus	II	53	0.9678601234453142
Anus	II	54	1.0422918358397004
Anus	II	55	1.1118387423879377
Anus	II	56	1.1732596382049572
Anus	II	57	1.22330110417622
Anus	II	58	1.2589494077473633
Anus	II	59	1.283312813111809
Anus	II	60	1.3056801060228644
Anus	II	61	1.335673602381357
Anus	II	62	1.3829683949708738
Anus	II	63	1.4567221487430002
Anus	II	64	1.5538561815168206
Anus	II	65	1.6590313386907116
Anus	II	66	1.7563490143413987
Anus	II	67	1.8299353290795335
Anus	II	68	1.8646912988749584
Anus	II	69	1.861498232203687
Anus	II	70	1.837112650940428
Anus	II	71	1.8088791596859886
Anus	II	72	1.7940261271735958
Anus	II	73	1.8092349714977403
Anus	II	74	1.8592839097763936
Anus	II	75	1.9370399462072512
Anus	II	76	2.0348441502659615
Anus	II	77	2.144948939162087
Anus	II	78	2.2596439990069004
Anus	II	79	2.3749335717997773
Anus	III	50	1.4400095095787762
Anus	III	51	1.4966257675895875
Anus	III	52	1.5533647114148965
Anus	III	53	1.610333588713784
Anus	III	54	1.6706850246143734
Anus	III	55	1.7405977917611908
Anus	III	56	1.8263725789078162
Anus	III	57	1.9343235320346908
Anus	III	58	2.0702970724517966
Anus	III	59	2.2285088086396225
Anus	III	60	2.3914765092687205
Anus	III	61	2.5411385814121736
Anus	III	62	2.6593647629281882
Anus	III	63	2.728667583772033
Anus	III	64	2.747124138946469
Anus	III	65	2.7284112999686263
Anus	III	66	2.6869163994882324
Anus	III	67	2.637021051337816
Anus	III	68	2.592718262735378
Anus	III	69	2.5601418853189677
Anus	III	70	2.5376205414985566
Anus	III	71	2.523178191772837
Anus	III	72	2.5148623904272385
Anus	III	73	2.510689033284402
Anus	III	74	2.509151856072535
Anus	III	75	2.5093080884118444
Anus	III	76	2.510304518543849
Anus	III	77	2.5114184208532877
Anus	III	78	2.512092510520716
Anus	III	79	2.5121153247653134
Anus	IV	50	0.2576249362975524
Anus	IV	51	0.28069094942260087
Anus	IV	52	0.3037545654107998
Anus	IV	53	0.32683050698376553
Anus	IV	54	0.3502605645331349
Anus	IV	55	0.374713324815856
Anus	IV	56	0.40087206849616314
Anus	IV	57	0.42942247278483964
Anus	IV	58	0.46099585176056085
Anus	IV	59	0.4948701888066165
Anus	IV	60	0.528961468525394
Anus	IV	61	0.561117267500722
Anus	IV	62	0.5891763993732954
Anus	IV	63	0.6110485286766977
Anus	IV	64	0.6264001598198161
Anus	IV	65	0.6366586947432881
Anus	IV	66	0.6433294786296879
Anus	IV	67	0.6479153456899422
Anus	IV	68	0.6519077412491243
Anus	IV	69	0.6566882748630545
Anus	IV	70	0.6635427236065117
Anus	IV	71	0.6737720655495855
Anus	IV	72	0.688704044276615
Anus	IV	73	0.7096392738461111
Anus	IV	74	0.7366220967740205
Anus	IV	75	0.7684118424685167
Anus	IV	76	0.8036904987029564
Anus	IV	77	0.8411197714553321
Anus	IV	78	0.8793727768903967
Anus	IV	79	0.9177633929084383
Bladder	I	50	1.3921547855361223
Bladder	I	51	1.796707555865693
Bladder	I	52	2.200280149007989
Bladder	I	53	2.603835487938575
Bladder	I	54	3.021703188447014
Bladder	I	55	3.481613572415365
Bladder	I	56	4.011789927305184
Bladder	I	57	4.640409569513844
Bladder	I	58	5.394631050254813
Bladder	I	59	6.278590637951176
Bladder	I	60	7.2734882588543766
Bladder	I	61	8.359585023568368
Bladder	I	62	9.517116277068668
Bladder	I	63	10.727366460729174
Bladder	I	64	11.997638657164076
Bladder	I	65	13.361385325293046
Bladder	I	66	14.85332097191637
Bladder	I	67	16.50826534925513
Bladder	I	68	18.35967233046362
Bladder	I	69	20.40880074017408
Bladder	I	70	22.624759518013438
Bladder	I	71	24.97529175048605
Bladder	I	72	27.428040820827977
Bladder	I	73	29.95078753548828
Bladder	I	74	32.52131576447952
Bladder	I	75	35.12780212652416
Bladder	I	76	37.75916625315097
Bladder	I	77	40.40470536011345
Bladder	I	78	43.054300431675415
Bladder	I	79	45.7029913409175
Bladder	II	50	1.2552269120275505
Bladder	II	51	1.368459105015928
Bladder	II	52	1.4827389465618301
Bladder	II	53	1.5981185814418741
Bladder	II	54	1.7252213495510251
Bladder	II	55	1.8851534561051102
Bladder	II	56	2.0994873558092455
Bladder	II	57	2.389747898925648
Bladder	II	58	2.7765170173855203
Bladder	II	59	3.2604149162258658
Bladder	II	60	3.8223093925594873
Bladder	II	61	4.442415411533209
Bladder	II	62	5.1010361359175604
Bladder	II	63	5.779199321540469
Bladder	II	64	6.47552233172593
Bladder	II	65	7.206272429386152
Bladder	II	66	7.988524646653628
Bladder	II	67	8.839435944952085
Bladder	II	68	9.77611614940529
Bladder	II	69	10.812811715489701
Bladder	II	70	11.960858022905173
Bladder	II	71	13.231558863533104
Bladder	II	72	14.636534026861492
Bladder	II	73	16.18710699518502
Bladder	II	74	17.875197967137133
Bladder	II	75	19.672591791435856
Bladder	II	76	21.54959599477751
Bladder	II	77	23.475824958002015
Bladder	II	78	25.420893755912967
Bladder	II	79	27.368897558110053
Bladder	III	50	0.4356257576952913
Bladder	III	51	0.48700706623571655
Bladder	III	52	0.5386591703329016
Bladder	III	53	0.590598091716703
Bladder	III	54	0.64563291335013
Bladder	III	55	0.7093513976492228
Bladder	III	56	0.7874787054700266
Bladder	III	57	0.885743420003311
Bladder	III	58	1.0096574587053286
Bladder	III	59	1.1598452927054854
Bladder	III	60	1.3320529303809785
Bladder	III	61	1.5218217701452752
Bladder	III	62	1.7246915011668817
Bladder	III	63	1.9365005941655085
Bladder	III	64	2.1603082107029
Bladder	III	65	2.4064516526207362
Bladder	III	66	2.6856484834658616
Bladder	III	67	3.0086509901247824
Bladder	III	68	3.385571186687148
Bladder	III	69	3.8121006184463124
Bladder	III	70	4.269586027577571
Bladder	III	71	4.738785161269121
Bladder	III	72	5.2003478125900235
Bladder	III	73	5.635165214467994
Bladder	III	74	6.036552187797794
Bladder	III	75	6.410637409393463
Bladder	III	76	6.764404351408497
Bladder	III	77	7.10521736827013
Bladder	III	78	7.440649538672479
Bladder	III	79	7.774777348630226
Bladder	IV	50	0.6743394746453413
Bladder	IV	51	0.8525202788252455
Bladder	IV	52	1.0303628160781404
Bladder	IV	53	1.2080387137317956
Bladder	IV	54	1.3866511365740795
Bladder	IV	55	1.568303485152072
Bladder	IV	56	1.7552052633138706
Bladder	IV	57	1.9496561280799256
Bladder	IV	58	2.154274850561274
Bladder	IV	59	2.3767892492268032
Bladder	IV	60	2.629731946739847
Bladder	IV	61	2.925572588182097
Bladder	IV	62	3.276720095884928
Bladder	IV	63	3.6951772059181494
Bladder	IV	64	4.180442263917523
Bladder	IV	65	4.719260748489541
Bladder	IV	66	5.297594344180024
Bladder	IV	67	5.901182837483122
Bladder	IV	68	6.516213774113801
Bladder	IV	69	7.141426421068857
Bladder	IV	70	7.788038643561238
Bladder	IV	71	8.467649213789237
Bladder	IV	72	9.191748563731993
Bladder	IV	73	9.97138012972598
Bladder	IV	74	10.806181865659335
Bladder	IV	75	11.684338356127377
Bladder	IV	76	12.593549259837094
Bladder	IV	77	13.521448914853355
Bladder	IV	78	14.455838674810913
Bladder	IV	79	15.390462155557538
Breast	I	50	68.02473444936649
Breast	I	51	68.0984823648542
Breast	I	52	68.17182333336915
Breast	I	53	68.2483339611397
Breast	I	54	68.41399844930568
Breast	I	55	68.83708545927794
Breast	I	56	69.68922257742142
Breast	I	57	71.14177492379191
Breast	I	58	73.36281939884131
Breast	I	59	76.45123448327023
Breast	I	60	80.437021916319
Breast	I	61	85.34751817680583
Breast	I	62	91.21056961028165
Breast	I	63	98.03431790482637
Breast	I	64	105.3583077760817
Breast	I	65	112.25306415859386
Breast	I	66	117.768243176292
Breast	I	67	120.95238556855743
Breast	I	68	120.89476773432264
Breast	I	69	117.65850062176871
Breast	I	70	112.27966380162022
Breast	I	71	105.83222621612424
Breast	I	72	99.38527906664429
Breast	I	73	93.97580304579286
Breast	I	74	89.96525235999023
Breast	I	75	87.04414397894399
Breast	I	76	84.88111988035105
Breast	I	77	83.1503304615206
Breast	I	78	81.53562588888184
Breast	I	79	79.87810491185242
Breast	II	50	57.85323810760212
Breast	II	51	56.903172958346296
Breast	II	52	55.95356519088947
Breast	II	53	55.006782928171525
Breast	II	54	54.119491502989625
Breast	II	55	53.40275979308437
Breast	II	56	52.97018768262699
Breast	II	57	52.93552800501498
Breast	II	58	53.40867989790426
Breast	II	59	54.408385858205804
Breast	II	60	55.86212402343345
Breast	II	61	57.693292691269264
Breast	II	62	59.82508552374605
Breast	II	63	62.177523691404794
Breast	II	64	64.60567292136741
Breast	II	65	66.89985217656664
Breast	II	66	68.84780269582559
Breast	II	67	70.2379024425403
Breast	II	68	70.87395498082071
Breast	II	69	70.89322418629293
Breast	II	70	70.76692211081809
Breast	II	71	70.98343510442666
Breast	II	72	72.03437575000429
Breast	II	73	74.39721923212907
Breast	II	74	78.16958595230685
Breast	II	75	83.06570195250966
Breast	II	76	88.77825908602468
Breast	II	77	94.99588881408499
Breast	II	78	101.41120996882067
Breast	II	79	107.86540678180326
Breast	III	50	13.040040901856868
Breast	III	51	12.861180958854066
Breast	III	52	12.682396117457348
Breast	III	53	12.504070272044556
Breast	III	54	12.335390969080581
Breast	III	55	12.194377341739278
Breast	III	56	12.099485880236001
Breast	III	57	12.069244597208526
Breast	III	58	12.121433842198918
Breast	III	59	12.254690871000442
Breast	III	60	12.448429239775766
Breast	III	61	12.681149267724988
Breast	III	62	12.93120351804795
Breast	III	63	13.177280033323989
Breast	III	64	13.410606985509988
Breast	III	65	13.635078208215695
Breast	III	66	13.855260600633715
Breast	III	67	14.076029653509163
Breast	III	68	14.303562593471359
Breast	III	69	14.563682612799486
Breast	III	70	14.90195028098793
Breast	III	71	15.365630191992294
Breast	III	72	16.002696726474934
Breast	III	73	16.859077474178154
Breast	III	74	17.935554113336888
Breast	III	75	19.18755654801402
Breast	III	76	20.567510190122842
Breast	III	77	22.027345139137104
Breast	III	78	23.519991457129137
Breast	III	79	25.021174350362973
Breast	IV	50	5.046841040217587
Breast	IV	51	5.172494257371269
Breast	IV	52	5.298021938092657
Breast	IV	53	5.423416463433695
Breast	IV	54	5.548544863346588
Breast	IV	55	5.673137681616126
Breast	IV	56	5.796919178198856
Breast	IV	57	5.91965160771186
Breast	IV	58	6.041528984324924
Breast	IV	59	6.1707136420168185
Breast	IV	60	6.323202880818688
Breast	IV	61	6.515194519089379
Breast	IV	62	6.762728900104722
Breast	IV	63	7.080958666177875
Breast	IV	64	7.467173223545205
Breast	IV	65	7.900887339518539
Breast	IV	66	8.360959880007552
Breast	IV	67	8.826419779344283
Breast	IV	68	9.277975255383831
Breast	IV	69	9.729666132028335
Breast	IV	70	10.229150489647914
Breast	IV	71	10.826460994131923
Breast	IV	72	11.5725720326913
Breast	IV	73	12.51698249537263
Breast	IV	74	13.665003964703823
Breast	IV	75	14.97691690534095
Breast	IV	76	16.40964525964211
Breast	IV	77	17.91916025484679
Breast	IV	78	19.461940115886065
Breast	IV	79	21.01531824813445
Colon/Rectum	I	50	3.981130969163197
Colon/Rectum	I	51	4.801689927613286
Colon/Rectum	I	52	5.62263457065809
Colon/Rectum	I	53	6.446418894562093
Colon/Rectum	I	54	7.335134348967267
Colon/Rectum	I	55	8.410571353901284
Colon/Rectum	I	56	9.796989198964672
Colon/Rectum	I	57	11.618105791165693
Colon/Rectum	I	58	13.988196573150582
Colon/Rectum	I	59	16.823630513386465
Colon/Rectum	I	60	19.84476707107261
Colon/Rectum	I	61	22.765176036135703
Colon/Rectum	I	62	25.299328909749647
Colon/Rectum	I	63	27.174763196608396
Colon/Rectum	I	64	28.421709296364295
Colon/Rectum	I	65	29.37352698860544
Colon/Rectum	I	66	30.37733331077567
Colon/Rectum	I	67	31.781262918181316
Colon/Rectum	I	68	33.91943838286712
Colon/Rectum	I	69	36.78670643432784
Colon/Rectum	I	70	40.03850424305477
Colon/Rectum	I	71	43.31538101749605
Colon/Rectum	I	72	46.256292248929014
Colon/Rectum	I	73	48.50714698741611
Colon/Rectum	I	74	49.96541344900615
Colon/Rectum	I	75	50.78495268847341
Colon/Rectum	I	76	51.13419930198594
Colon/Rectum	I	77	51.18682903783243
Colon/Rectum	I	78	51.11874270151796
Colon/Rectum	I	79	51.023006382361146
Colon/Rectum	II	50	6.220784597787872
Colon/Rectum	II	51	7.294110795265129
Colon/Rectum	II	52	8.367206058267762
Colon/Rectum	II	53	9.441765635911649
Colon/Rectum	II	54	10.556603499266933
Colon/Rectum	II	55	11.787706640168995
Colon/Rectum	II	56	13.21266159626642
Colon/Rectum	II	57	14.908942783335183
Colon/Rectum	II	58	16.949159680535473
Colon/Rectum	II	59	19.298228406404963
Colon/Rectum	II	60	21.81369202471365
Colon/Rectum	II	61	24.348746054523275
Colon/Rectum	II	62	26.756908109073617
Colon/Rectum	II	63	28.899220222547154
Colon/Rectum	II	64	30.80248339918185
Colon/Rectum	II	65	32.65882779111722
Colon/Rectum	II	66	34.66713757319405
Colon/Rectum	II	67	37.02575867665309
Colon/Rectum	II	68	39.92624803036035
Colon/Rectum	II	69	43.41557216222669
Colon/Rectum	II	70	47.396956542750736
Colon/Rectum	II	71	51.768426997413336
Colon/Rectum	II	72	56.429652373925315
Colon/Rectum	II	73	61.28455054394689
Colon/Rectum	II	74	66.2754803527056
Colon/Rectum	II	75	71.38002679213302
Colon/Rectum	II	76	76.57485139047698
Colon/Rectum	II	77	81.83333282528892
Colon/Rectum	II	78	87.12590112682656
Colon/Rectum	II	79	92.4354163720257
Colon/Rectum	III	50	10.18980396528847
Colon/Rectum	III	51	11.821540386674211
Colon/Rectum	III	52	13.452394033790352
Colon/Rectum	III	53	15.084347181979771
Colon/Rectum	III	54	16.757767980737007
Colon/Rectum	III	55	18.5515067966273
Colon/Rectum	III	56	20.54613636411705
Colon/Rectum	III	57	22.82233326739323
Colon/Rectum	III	58	25.454841570955857
Colon/Rectum	III	59	28.37887297068335
Colon/Rectum	III	60	31.389793828332632
Colon/Rectum	III	61	34.27656144473647
Colon/Rectum	III	62	36.827823655540534
Colon/Rectum	III	63	38.84268555643524
Colon/Rectum	III	64	40.36823311292588
Colon/Rectum	III	65	41.70000385489602
Colon/Rectum	III	66	43.1448232951474
Colon/Rectum	III	67	45.01012179405331
Colon/Rectum	III	68	47.59277892801509
Colon/Rectum	III	69	50.934196504527904
Colon/Rectum	III	70	54.819510349022394
Colon/Rectum	III	71	59.0221820405434
Colon/Rectum	III	72	63.315384301700675
Colon/Rectum	III	73	67.47780555830953
Colon/Rectum	III	74	71.4203637346768
Colon/Rectum	III	75	75.18657990841366
Colon/Rectum	III	76	78.82602158359724
Colon/Rectum	III	77	82.3885190759281
Colon/Rectum	III	78	85.92310279091025
Colon/Rectum	III	79	89.45497508369341
Colon/Rectum	IV	50	7.857845195033185
Colon/Rectum	IV	51	9.469116126811013
Colon/Rectum	IV	52	11.081115082738343
Colon/Rectum	IV	53	12.693526073046487
Colon/Rectum	IV	54	14.304648270437886
Colon/Rectum	IV	55	15.91118385134788
Colon/Rectum	IV	56	17.509859739879126
Colon/Rectum	IV	57	19.097952514878617
Colon/Rectum	IV	58	20.673863728630813
Colon/Rectum	IV	59	22.24148335061613
Colon/Rectum	IV	60	23.808285462244747
Colon/Rectum	IV	61	25.380175472604563
Colon/Rectum	IV	62	26.9621444505453
Colon/Rectum	IV	63	28.56047557681831
Colon/Rectum	IV	64	30.208834614755265
Colon/Rectum	IV	65	31.967792552881328
Colon/Rectum	IV	66	33.89846091265562
Colon/Rectum	IV	67	36.06086699370321
Colon/Rectum	IV	68	38.51231736384835
Colon/Rectum	IV	69	41.26579277091757
Colon/Rectum	IV	70	44.290020728808464
Colon/Rectum	IV	71	47.55141800345631
Colon/Rectum	IV	72	51.01664091217228
Colon/Rectum	IV	73	54.65413543405477
Colon/Rectum	IV	74	58.435800707884184
Colon/Rectum	IV	75	62.334996531434456
Colon/Rectum	IV	76	66.32389414603075
Colon/Rectum	IV	77	70.372443679950507
Colon/Rectum	IV	78	74.44864303529066
Colon/Rectum	IV	79	78.53478112555605
Gallbladder	I	50	0.15094983431861628
Gallbladder	I	51	0.15718826421624602
Gallbladder	I	52	0.1628090589167545
Gallbladder	I	53	0.16809107301430032
Gallbladder	I	54	0.17422048140018623
Gallbladder	I	55	0.18336681858795717
Gallbladder	I	56	0.19773786365898977
Gallbladder	I	57	0.21952618547829597
Gallbladder	I	58	0.25084649228129646
Gallbladder	I	59	0.29263114788795924
Gallbladder	I	60	0.34463557534739886
Gallbladder	I	61	0.40654640130545255
Gallbladder	I	62	0.4780383879236338
Gallbladder	I	63	0.5586711777349586
Gallbladder	I	64	0.6455907840824974
Gallbladder	I	65	0.7336408481169064
Gallbladder	I	66	0.81766708419503
Gallbladder	I	67	0.8924781382099364
Gallbladder	I	68	0.952935865747752
Gallbladder	I	69	0.9998164670318038
Gallbladder	I	70	1.0400022991943776
Gallbladder	I	71	1.0807491802644988
Gallbladder	I	72	1.1296100919156387
Gallbladder	I	73	1.1943704626266443
Gallbladder	I	74	1.277443839242827
Gallbladder	I	75	1.3754643428761981
Gallbladder	I	76	1.4846432689793787
Gallbladder	I	77	1.6009270696998579
Gallbladder	I	78	1.7200656002651664
Gallbladder	I	79	1.8397686649902911
Gallbladder	II	50	0.3109352383542039
Gallbladder	II	51	0.36410506385509867
Gallbladder	II	52	0.4169050065082866
Gallbladder	II	53	0.4695547617818846
Gallbladder	II	54	0.524030862424239
Gallbladder	II	55	0.5841164910653609
Gallbladder	II	56	0.6536734728062976
Gallbladder	II	57	0.7365523139121097
Gallbladder	II	58	0.8363071257914076
Gallbladder	II	59	0.950177956801253
Gallbladder	II	60	1.069118113510338
Gallbladder	II	61	1.1838501287609848
Gallbladder	II	62	1.285161265163468
Gallbladder	II	63	1.3644638823681157
Gallbladder	II	64	1.4258665018701515
Gallbladder	II	65	1.4859144744092028
Gallbladder	II	66	1.5614463225049413
Gallbladder	II	67	1.6693038616301141
Gallbladder	II	68	1.8259239522724644
Gallbladder	II	69	2.030551120318381
Gallbladder	II	70	2.2647596539723285
Gallbladder	II	71	2.5088720146225296
Gallbladder	II	72	2.742246355979864
Gallbladder	II	73	2.94341434109742
Gallbladder	II	74	3.103739751891356
Gallbladder	II	75	3.2288847491743295
Gallbladder	II	76	3.326088213636182
Gallbladder	II	77	3.4037975099475983
Gallbladder	II	78	3.471482457465914
Gallbladder	II	79	3.53463526864894
Gallbladder	III	50	0.3247621532951214
Gallbladder	III	51	0.35624249302812405
Gallbladder	III	52	0.38679817181763265
Gallbladder	III	53	0.41683748381320207
Gallbladder	III	54	0.44791110423495495
Gallbladder	III	55	0.4828112829155887
Gallbladder	III	56	0.5243679292549531
Gallbladder	III	57	0.5753957519529986
Gallbladder	III	58	0.638597800391262
Gallbladder	III	59	0.7145521742238601
Gallbladder	III	60	0.8017108208032067
Gallbladder	III	61	0.898414466090275
Gallbladder	III	62	1.0029914597496574
Gallbladder	III	63	1.113779896229597
Gallbladder	III	64	1.2295362136634866
Gallbladder	III	65	1.3494852210250836
Gallbladder	III	66	1.4729189377400875
Gallbladder	III	67	1.5991145905892
Gallbladder	III	68	1.7272717655547871
Gallbladder	III	69	1.8569094561982347
Gallbladder	III	70	1.9878781324784913
Gallbladder	III	71	2.1199196756080014
Gallbladder	III	72	2.2526595099362137
Gallbladder	III	73	2.3856068625580895
Gallbladder	III	74	2.518000007884004
Gallbladder	III	75	2.649039938659686
Gallbladder	III	76	2.778218509005578
Gallbladder	III	77	2.905330242731945
Gallbladder	III	78	3.030448056098723
Gallbladder	III	79	3.1538075530119474
Gallbladder	IV	50	0.2851356224770344
Gallbladder	IV	51	0.4344904439675168
Gallbladder	IV	52	0.5857574444463215
Gallbladder	IV	53	0.7382447582385077
Gallbladder	IV	54	0.8923984873696627
Gallbladder	IV	55	1.0495776560973609
Gallbladder	IV	56	1.211201720610047
Gallbladder	IV	57	1.3787318668484139
Gallbladder	IV	58	1.5536940059362732
Gallbladder	IV	59	1.7375480449010428
Gallbladder	IV	60	1.931656364340253
Gallbladder	IV	61	2.137370946751182
Gallbladder	IV	62	2.3560032856438626
Gallbladder	IV	63	2.588801545288477
Gallbladder	IV	64	2.836810051588362
Gallbladder	IV	65	3.1009673405277547
Gallbladder	IV	66	3.3823058856080754
Gallbladder	IV	67	3.6819067284864437
Gallbladder	IV	68	4.000991756230164
Gallbladder	IV	69	4.3451050026494755
Gallbladder	IV	70	4.724386670287816
Gallbladder	IV	71	5.149675375674539
Gallbladder	IV	72	5.632593336234886
Gallbladder	IV	73	6.185290778796029
Gallbladder	IV	74	6.8085373164257375
Gallbladder	IV	75	7.490429561478781
Gallbladder	IV	76	8.217437139012448
Gallbladder	IV	77	8.974783363718492
Gallbladder	IV	78	9.746807890586464
Gallbladder	IV	79	10.524778926597623
Head and Neck	I	50	3.4246962292881706
Head and Neck	I	51	3.9219159096218985
Head and Neck	I	52	4.420129302169743
Head and Neck	I	53	4.918963834354041
Head and Neck	I	54	5.415382546083985
Head and Neck	I	55	5.903596861469439
Head and Neck	I	56	6.37767019572991
Head and Neck	I	57	6.831670677976669
Head and Neck	I	58	7.2599568672395
Head and Neck	I	59	7.662745054632385
Head and Neck	I	60	8.046100815042038
Head and Neck	I	61	8.416351027637432
Head and Neck	I	62	8.779858523594426
Head and Neck	I	63	9.143050030218014
Head and Neck	I	64	9.510505878055644
Head and Neck	I	65	9.884821748072376
Head and Neck	I	66	10.268464570460951
Head and Neck	I	67	10.66373786015347
Head and Neck	I	68	11.072060237532565
Head and Neck	I	69	11.480704317642692
Head and Neck	I	70	11.862926266724394
Head and Neck	I	71	12.191251818955562
Head and Neck	I	72	12.438096235673122
Head and Neck	I	73	12.57686000654334
Head and Neck	I	74	12.605876770080332
Head and Neck	I	75	12.548534129587626
Head and Neck	I	76	12.429414324192948
Head and Neck	I	77	12.273227378397694
Head and Neck	I	78	12.1043125066413
Head and Neck	I	79	11.93515828662925
Head and Neck	II	50	1.9122177458285692
Head and Neck	II	51	2.214295815281805
Head and Neck	II	52	2.5172612717069125
Head and Neck	II	53	2.820910055570939
Head and Neck	II	54	3.1256327141712092
Head and Neck	II	55	3.4323866065447857
Head and Neck	II	56	3.7421748592396136
Head and Neck	II	57	4.05600626988684
Head and Neck	II	58	4.3746223500711405
Head and Neck	II	59	4.69284040490732
Head and Neck	II	60	4.999600151917776
Head and Neck	II	61	5.283645567842857
Head and Neck	II	62	5.533784239256163
Head and Neck	II	63	5.739516334383948
Head and Neck	II	64	5.90486206189379
Head and Neck	II	65	6.048339985791587
Head and Neck	II	66	6.189137831156954
Head and Neck	II	67	6.3464909779249785
Head and Neck	II	68	6.538745122654544
Head and Neck	II	69	6.7628584509123835
Head and Neck	II	70	6.994286042231864
Head and Neck	II	71	7.207384870205659
Head and Neck	II	72	7.376341197042574
Head and Neck	II	73	7.476053743971321
Head and Neck	II	74	7.501702527670854
Head and Neck	II	75	7.468905220325669
Head and Neck	II	76	7.394251125217071
Head and Neck	II	77	7.2944303991546
Head and Neck	II	78	7.185900010881728
Head and Neck	II	79	7.0771075054420445
Head and Neck	III	50	2.7381100883406853
Head and Neck	III	51	3.1345891286392886
Head and Neck	III	52	3.5318482767245323
Head and Neck	III	53	3.929543956659184
Head and Neck	III	54	4.3240595528625
Head and Neck	III	55	4.708415860556684
Head and Neck	III	56	5.075445660020286
Head and Neck	III	57	5.417984817423692
Head and Neck	III	58	5.729058273518853
Head and Neck	III	59	6.004987388704499
Head and Neck	III	60	6.2453532078959935
Head and Neck	III	61	6.449848338689963
Head and Neck	III	62	6.618117847576842
Head and Neck	III	63	6.749880019408546
Head and Neck	III	64	6.846896595732051
Head and Neck	III	65	6.912946948959023
Head and Neck	III	66	6.951839763876683
Head and Neck	III	67	6.96727196882778
Head and Neck	III	68	6.962781682041663
Head and Neck	III	69	6.941513980113928
Head and Neck	III	70	6.906408251710827
Head and Neck	III	71	6.860554208504425
Head and Neck	III	72	6.807216224299399
Head and Neck	III	73	6.74978446263309
Head and Neck	III	74	6.690394226300943
Head and Neck	III	75	6.629767837075626
Head and Neck	III	76	6.568495481867269
Head and Neck	III	77	6.507078288064511
Head and Neck	III	78	6.445902456736957
Head and Neck	III	79	6.385139223537508
Head and Neck	IV	50	11.95573783151865
Head and Neck	IV	51	13.24081796344265
Head and Neck	IV	52	14.52323688839403
Head and Neck	IV	53	15.803775013210576
Head and Neck	IV	54	17.08534013722537
Head and Neck	IV	55	18.373172025197032
Head and Neck	IV	56	19.672660896997268
Head and Neck	IV	57	20.989183501630976
Head and Neck	IV	58	22.32624088490974
Head and Neck	IV	59	23.645843998370637
Head and Neck	IV	60	24.868512263840366
Head and Neck	IV	61	25.912924492224477
Head and Neck	IV	62	26.697707473694585
Head and Neck	IV	63	27.144969940537813
Head and Neck	IV	64	27.26127120461612
Head and Neck	IV	65	27.137806921124376
Head and Neck	IV	66	26.869514660839386
Head and Neck	IV	67	26.551559511387556
Head and Neck	IV	68	26.27674269293869
Head and Neck	IV	69	26.074955107225733
Head and Neck	IV	70	25.91297602234727
Head and Neck	IV	71	25.754965665903736
Head and Neck	IV	72	25.565190787587774
Head and Neck	IV	73	25.30910720123407
Head and Neck	IV	74	24.97749958527131
Head and Neck	IV	75	24.586362427006296
Head and Neck	IV	76	24.152668622911232
Head and Neck	IV	77	23.69325149007793
Head and Neck	IV	78	23.224439632007957
Head and Neck	IV	79	22.754493003195023
Kidney	I	50	7.557529031307856
Kidney	I	51	8.15585301005615
Kidney	I	52	8.754335864434479
Kidney	I	53	9.353219368338978
Kidney	I	54	9.959171021631121
Kidney	I	55	10.58523234003565
Kidney	I	56	11.244668590956955
Kidney	I	57	11.950711271332539
Kidney	I	58	12.71619022875623
Kidney	I	59	13.545049395891116
Kidney	I	60	14.432409685799197
Kidney	I	61	15.373089078582655
Kidney	I	62	16.36196363641591
Kidney	I	63	17.393447438156272
Kidney	I	64	18.450577902298246
Kidney	I	65	19.504958190202686
Kidney	I	66	20.527622208420226
Kidney	I	67	21.48950970738841
Kidney	I	68	22.362959365892532
Kidney	I	69	23.155601785499133
Kidney	I	70	23.910520597782455
Kidney	I	71	24.67249690038144
Kidney	I	72	25.4866275508943
Kidney	I	73	26.39708480783037
Kidney	I	74	27.415330552874615
Kidney	I	75	28.51961565653074
Kidney	I	76	29.686454247453817
Kidney	I	77	30.891931736491596
Kidney	I	78	32.112166815748886
Kidney	I	79	33.33474201550273
Kidney	II	50	1.675676233717292
Kidney	II	51	1.7320047717053924
Kidney	II	52	1.7884355107001282
Kidney	II	53	1.8451264778136542
Kidney	II	54	1.9064259597626365
Kidney	II	55	1.9808402245138665
Kidney	II	56	2.0770384010877194
Kidney	II	57	2.2037117681258445
Kidney	II	58	2.3690576571496718
Kidney	II	59	2.5684855221726846
Kidney	II	60	2.7845075527642797
Kidney	II	61	2.998955139001746
Kidney	II	62	3.1935254549154424
Kidney	II	63	3.350477288697966
Kidney	II	64	3.4674645650304843
Kidney	II	65	3.5576269622788828
Kidney	II	66	3.6348243537133
Kidney	II	67	3.712973017664715
Kidney	II	68	3.805686508659875
Kidney	II	69	3.9173751873108076
Kidney	II	70	4.043123658193793
Kidney	II	71	4.177538326149394
Kidney	II	72	4.315097054569415
Kidney	II	73	4.450205533560159
Kidney	II	74	4.58025636647125
Kidney	II	75	4.7058427184694205
Kidney	II	76	4.827809900897082
Kidney	II	77	4.947151831736265
Kidney	II	78	5.064996619019389
Kidney	II	79	5.182001820461073
Kidney	III	50	2.3631877932977883
Kidney	III	51	2.75222281024765
Kidney	III	52	3.1411303225172604
Kidney	III	53	3.5298529779293095
Kidney	III	54	3.916321305736605
Kidney	III	55	4.296493742646435
Kidney	III	56	4.666261274745283
Kidney	III	57	5.021476390680393
Kidney	III	58	5.358368337477641
Kidney	III	59	5.684019114239426
Kidney	III	60	6.0165248654690044
Kidney	III	61	6.374632963274262
Kidney	III	62	6.777283611497637
Kidney	III	63	7.2426340247245315
Kidney	III	64	7.767232180798953
Kidney	III	65	8.325890950258637
Kidney	III	66	8.892424019025034
Kidney	III	67	9.440589870428385
Kidney	III	68	9.94478956150351
Kidney	III	69	10.396367906005732
Kidney	III	70	10.803645544215597
Kidney	III	71	11.175538067171347
Kidney	III	72	11.520741141043361
Kidney	III	73	11.847529870194194
Kidney	III	74	12.16078906304511
Kidney	III	75	12.462356580462533
Kidney	III	76	12.754272909134192
Kidney	III	77	13.039004280014591
Kidney	III	78	13.319400880740368
Kidney	III	79	13.597157390835463
Kidney	IV	50	2.4165374684713194
Kidney	IV	51	2.817989484067361
Kidney	IV	52	3.2193079277069834
Kidney	IV	53	3.6206872583127927
Kidney	IV	54	4.026066946139972
Kidney	IV	55	4.443175435208353
Kidney	IV	56	4.879958915178942
Kidney	IV	57	5.344413693997586
Kidney	IV	58	5.844134927773874
Kidney	IV	59	6.376379044784334
Kidney	IV	60	6.927948843754601
Kidney	IV	61	7.485059638336074
Kidney	IV	62	8.033810044420292
Kidney	IV	63	8.560658021096824
Kidney	IV	64	9.062199938151744
Kidney	IV	65	9.54526342620716
Kidney	IV	66	10.017200345193594
Kidney	IV	67	10.485455508684995
Kidney	IV	68	10.957571554384275
Kidney	IV	69	11.440300489079066
Kidney	IV	70	11.939533073731601
Kidney	IV	71	12.461182454594473
Kidney	IV	72	13.01119448427761
Kidney	IV	73	13.595226611378916
Kidney	IV	74	14.212818065550659
Kidney	IV	75	14.857333494896164
Kidney	IV	76	15.521713779176158
Kidney	IV	77	16.198754165052293
Kidney	IV	78	16.881274704395672
Kidney	IV	79	17.565511032913662
Liver/Bile-duct	I	50	0.5201455466148519
Liver/Bile-duct	I	51	0.8051950174211363
Liver/Bile-duct	I	52	1.1020347044455532
Liver/Bile-duct	I	53	1.4059598824139046
Liver/Bile-duct	I	54	1.707404059672591
Liver/Bile-duct	I	55	1.9900872044614284
Liver/Bile-duct	I	56	2.2372138891203392
Liver/Bile-duct	I	57	2.4324352571926178
Liver/Bile-duct	I	58	2.5614739922774987
Liver/Bile-duct	I	59	2.634051115255214
Liver/Bile-duct	I	60	2.6823439597840895
Liver/Bile-duct	I	61	2.738147211416781
Liver/Bile-duct	I	62	2.832414097364087
Liver/Bile-duct	I	63	2.9952940971804938
Liver/Bile-duct	I	64	3.2306927156074794
Liver/Bile-duct	I	65	3.5151578419960443
Liver/Bile-duct	I	66	3.822710692861565
Liver/Bile-duct	I	67	4.125723615087547
Liver/Bile-duct	I	68	4.396576274738701
Liver/Bile-duct	I	69	4.626968431616054
Liver/Bile-duct	I	70	4.82790272214461
Liver/Bile-duct	I	71	5.010316755635906
Liver/Bile-duct	I	72	5.183329518580131
Liver/Bile-duct	I	73	5.35369101145134
Liver/Bile-duct	I	74	5.521360899445523
Liver/Bile-duct	I	75	5.6817013956259395
Liver/Bile-duct	I	76	5.831547744526338
Liver/Bile-duct	I	77	5.969658344587213
Liver/Bile-duct	I	78	6.096707163578383
Liver/Bile-duct	I	79	6.2141507598738315
Liver/Bile-duct	II	50	0.8343599385605899
Liver/Bile-duct	II	51	1.0186371956124252
Liver/Bile-duct	II	52	1.1992898054640508
Liver/Bile-duct	II	53	1.3777956563167286
Liver/Bile-duct	II	54	1.557800335814722
Liver/Bile-duct	II	55	1.7455279283096128
Liver/Bile-duct	II	56	1.9472718452377589
Liver/Bile-duct	II	57	2.1692509999480367
Liver/Bile-duct	II	58	2.4171987299297446
Liver/Bile-duct	II	59	2.6883059348176652
Liver/Bile-duct	II	60	2.971297558181531
Liver/Bile-duct	II	61	3.2545445458150586
Liver/Bile-duct	II	62	3.526352428012573
Liver/Bile-duct	II	63	3.775242998797564
Liver/Bile-duct	II	64	4.00022408112755
Liver/Bile-duct	II	65	4.2112967071895815
Liver/Bile-duct	II	66	4.419504443652795
Liver/Bile-duct	II	67	4.6365006394054
Liver/Bile-duct	II	68	4.874034979251201
Liver/Bile-duct	II	69	5.136683624893157
Liver/Bile-duct	II	70	5.421463574680214
Liver/Bile-duct	II	71	5.724731764053161
Liver/Bile-duct	II	72	6.042302119048039
Liver/Bile-duct	II	73	6.36892170697065
Liver/Bile-duct	II	74	6.699084658233379
Liver/Bile-duct	II	75	7.028349380108236
Liver/Bile-duct	II	76	7.353285246963207
Liver/Bile-duct	II	77	7.671835300229797
Liver/Bile-duct	II	78	7.983457706107504
Liver/Bile-duct	II	79	8.288697707873448
Liver/Bile-duct	III	50	0.39289005688426565
Liver/Bile-duct	III	51	0.5572690348726441
Liver/Bile-duct	III	52	0.7263485675715774
Liver/Bile-duct	III	53	0.8984492406943333
Liver/Bile-duct	III	54	1.0745710311761567
Liver/Bile-duct	III	55	1.2579701588103986
Liver/Bile-duct	III	56	1.4521335113499279
Liver/Bile-duct	III	57	1.660601172238623
Liver/Bile-duct	III	58	1.8867103387079898
Liver/Bile-duct	III	59	2.1289378176608285
Liver/Bile-duct	III	60	2.381077415824289
Liver/Bile-duct	III	61	2.6369362469055506
Liver/Bile-duct	III	62	2.8904509528420466
Liver/Bile-duct	III	63	3.13580772877801
Liver/Bile-duct	III	64	3.3719172056347393
Liver/Bile-duct	III	65	3.6023119630166835
Liver/Bile-duct	III	66	3.830630118093287
Liver/Bile-duct	III	67	4.060515582077917
Liver/Bile-duct	III	68	4.295910471218572
Liver/Bile-duct	III	69	4.545271749187782
Liver/Bile-duct	III	70	4.821326874555206
Liver/Bile-duct	III	71	5.136849738952108
Liver/Bile-duct	III	72	5.5048851807500245
Liver/Bile-duct	III	73	5.938862091570287
Liver/Bile-duct	III	74	6.44034661293037
Liver/Bile-duct	III	75	6.997946529285619
Liver/Bile-duct	III	76	7.598923311761436
Liver/Bile-duct	III	77	8.229301613706843
Liver/Bile-duct	III	78	8.874026420991317
Liver/Bile-duct	III	79	9.524659925782363
Liver/Bile-duct	IV	50	2.1425471494713935
Liver/Bile-duct	IV	51	2.572652391012455
Liver/Bile-duct	IV	52	2.989891508825038
Liver/Bile-duct	IV	53	3.399636586691875
Liver/Bile-duct	IV	54	3.8179885298405494
Liver/Bile-duct	IV	55	4.2736411897702355
Liver/Bile-duct	IV	56	4.795969651258769
Liver/Bile-duct	IV	57	5.413923730277087
Liver/Bile-duct	IV	58	6.15392824299376
Liver/Bile-duct	IV	59	7.005548294657009
Liver/Bile-duct	IV	60	7.922777432155067
Liver/Bile-duct	IV	61	8.85919061945945
Liver/Bile-duct	IV	62	9.769140166152676
Liver/Bile-duct	IV	63	10.60857693779111
Liver/Bile-duct	IV	64	11.373479690863341
Liver/Bile-duct	IV	65	12.10056402016611
Liver/Bile-duct	IV	66	12.829184746538193
Liver/Bile-duct	IV	67	13.599729984187228
Liver/Bile-duct	IV	68	14.452253277073822
Liver/Bile-duct	IV	69	15.411694418439849
Liver/Bile-duct	IV	70	16.488526660701314
Liver/Bile-duct	IV	71	17.693969203118634
Liver/Bile-duct	IV	72	19.041331930438076
Liver/Bile-duct	IV	73	20.545298588531356
Liver/Bile-duct	IV	74	22.200866547010243
Liver/Bile-duct	IV	75	23.980932309286423
Liver/Bile-duct	IV	76	25.855576763163945
Liver/Bile-duct	IV	77	27.792820793252993
Liver/Bile-duct	IV	78	29.759360362174476
Liver/Bile-duct	IV	79	31.737004965025374
Lung	I	50	2.309403061473076
Lung	I	51	3.261694270372366
Lung	I	52	4.213895821157182
Lung	I	53	5.167349671524085
Lung	I	54	6.153195237780094
Lung	I	55	7.232411129783778
Lung	I	56	8.46732120539724
Lung	I	57	9.920321555348616
Lung	I	58	11.651523717164297
Lung	I	59	13.66656511343611
Lung	I	60	15.91650267093902
Lung	I	61	18.349943491633443
Lung	I	62	20.915435771040894
Lung	I	63	23.564297187830558
Lung	I	64	26.31244590622342
Lung	I	65	29.240509267634263
Lung	I	66	32.43207586019398
Lung	I	67	35.970898722504764
Lung	I	68	39.935749088076996
Lung	I	69	44.28696387738152
Lung	I	70	48.86670343083248
Lung	I	71	53.51241658775094
Lung	I	72	58.0616411919678
Lung	I	73	62.35639312020822
Lung	I	74	66.34945422164621
Lung	I	75	70.10448440825006
Lung	I	76	73.68978007960494
Lung	I	77	77.17374119059686
Lung	I	78	80.62358445894861
Lung	I	79	84.07363711082851
Lung	II	50	0.9196609286963283
Lung	II	51	1.3370480237538616
Lung	II	52	1.7543780375065705
Lung	II	53	2.172403099754251
Lung	II	54	2.608494498860671
Lung	II	55	3.096671033301039
Lung	II	56	3.6717159235646712
Lung	II	57	4.368478898666095
Lung	II	58	5.220186456512111
Lung	II	59	6.220888227874392
Lung	II	60	7.325313561924081
Lung	II	61	8.486348769744213
Lung	II	62	9.656777725841698
Lung	II	63	10.791415916080423
Lung	II	64	11.893316229648187
Lung	II	65	13.013851553161984
Lung	II	66	14.206573759118328
Lung	II	67	15.525120859550665
Lung	II	68	17.020810225190157
Lung	II	69	18.68931124018635
Lung	II	70	20.47067325981186
Lung	II	71	22.30267388793873
Lung	II	72	24.12316996480145
Lung	II	73	25.8717237127121
Lung	II	74	27.52793753448237
Lung	II	75	29.111407539676563
Lung	II	76	30.643327540676253
Lung	II	77	32.14480722593587
Lung	II	78	33.636466611597484
Lung	II	79	35.12876537374093
Lung	III	50	3.6173464733352736
Lung	III	51	5.011306270172855
Lung	III	52	6.405180341561471
Lung	III	53	7.8002876423966265
Lung	III	54	9.227263088681642
Lung	III	55	10.746088893481097
Lung	III	56	12.418020304990582
Lung	III	57	14.30428289697321
Lung	III	58	16.46348126836065
Lung	III	59	18.894998244086974
Lung	III	60	21.539046674637657
Lung	III	61	24.33330308082766
Lung	III	62	27.215477991533373
Lung	III	63	30.125575896095324
Lung	III	64	33.05578180723906
Lung	III	65	36.05042162020747
Lung	III	66	39.156045037041274
Lung	III	67	42.41915514151749
Lung	III	68	45.883761520419036
Lung	III	69	49.53760955381697
Lung	III	70	53.31213733940082
Lung	III	71	57.13629039852808
Lung	III	72	60.939120818139386
Lung	III	73	64.65198817836935
Lung	III	74	68.2526976523809
Lung	III	75	71.76522812975709
Lung	III	76	75.21542174061567
Lung	III	77	78.62883544772907
Lung	III	78	82.03015589495442
Lung	III	79	85.43182950828506
Lung	IV	50	10.530046582667575
Lung	IV	51	13.727388263404269
Lung	IV	52	16.92496240900923
Lung	IV	53	20.125745843882935
Lung	IV	54	23.403949750367545
Lung	IV	55	26.90491824630489
Lung	IV	56	30.777002611180517
Lung	IV	57	35.16844505752116
Lung	IV	58	40.22133235634045
Lung	IV	59	45.93888741967572
Lung	IV	60	52.185667296386804
Lung	IV	61	58.820374027252576
Lung	IV	62	65.70183698800555
Lung	IV	63	72.69355609002575
Lung	IV	64	79.76462141660656
Lung	IV	65	86.98956157807521
Lung	IV	66	94.44730673598181
Lung	IV	67	102.21658308013185
Lung	IV	68	110.37073357360808
Lung	IV	69	118.86432677327306
Lung	IV	70	127.53291421475146
Lung	IV	71	136.20634409238272
Lung	IV	72	144.71418979405064
Lung	IV	73	152.8913828365012
Lung	IV	74	160.6941308421417
Lung	IV	75	168.20012379905074
Lung	IV	76	175.49280330136585
Lung	IV	77	182.65587667919613
Lung	IV	78	189.77145336737038
Lung	IV	79	196.88168700575798
Lymphoma	I	50	4.112765218912237
Lymphoma	I	51	4.295980193300081
Lymphoma	I	52	4.4782292507311166
Lymphoma	I	53	4.65990291203298
Lymphoma	I	54	4.846418466781851
Lymphoma	I	55	5.048194901315364
Lymphoma	I	56	5.2758086060748886
Lymphoma	I	57	5.5397943692980975
Lymphoma	I	58	5.850583621179899
Lymphoma	I	59	6.216836983028612
Lymphoma	I	60	6.645535212171917
Lymphoma	I	61	7.1437089527461515
Lymphoma	I	62	7.718517859761791
Lymphoma	I	63	8.376491874937198
Lymphoma	I	64	9.106456469926902
Lymphoma	I	65	9.879159326865516
Lymphoma	I	66	10.664159890260077
Lymphoma	I	67	11.430781459756277
Lymphoma	I	68	12.14950657553298
Lymphoma	I	69	12.816507272440125
Lymphoma	I	70	13.453331878637643
Lymphoma	I	71	14.082214725593877
Lymphoma	I	72	14.72501455030746
Lymphoma	I	73	15.402907019087714
Lymphoma	I	74	16.12230378489563
Lymphoma	I	75	16.874828025007442
Lymphoma	I	76	17.65148890730285
Lymphoma	I	77	18.443103508485283
Lymphoma	I	78	19.24038285866313
Lymphoma	I	79	20.038448678965924
Lymphoma	II	50	3.1064797331266973
Lymphoma	II	51	3.2655485160743716
Lymphoma	II	52	3.4240433172864515
Lymphoma	II	53	3.5823208322969435
Lymphoma	II	54	3.746597493536208
Lymphoma	II	55	3.928958432848428
Lymphoma	II	56	4.141743274299056
Lymphoma	II	57	4.397300207030773
Lymphoma	II	58	4.707236478872266
Lymphoma	II	59	5.065774438216584
Lymphoma	II	60	5.449647582580889
Lymphoma	II	61	5.8346823171867355
Lymphoma	II	62	6.196550714883377
Lymphoma	II	63	6.512040762039802
Lymphoma	II	64	6.787390941165709
Lymphoma	II	65	7.058725028981996
Lymphoma	II	66	7.363929678046107
Lymphoma	II	67	7.7411764240232745
Lymphoma	II	68	8.226870205132151
Lymphoma	II	69	8.816879722377633
Lymphoma	II	70	9.466737210136332
Lymphoma	II	71	10.13048791281466
Lymphoma	II	72	10.762361074236285
Lymphoma	II	73	11.31772119692029
Lymphoma	II	74	11.782981624305235
Lymphoma	II	75	12.175933853508221
Lymphoma	II	76	12.515934149596701
Lymphoma	II	77	12.822824287786805
Lymphoma	II	78	13.116635573947848
Lymphoma	II	79	13.407904666490118
Lymphoma	III	50	3.9184812088807988
Lymphoma	III	51	4.193316338728082
Lymphoma	III	52	4.467985610295928
Lymphoma	III	53	4.742822871935145
Lymphoma	III	54	5.025163595915994
Lymphoma	III	55	5.329349480621829
Lymphoma	III	56	5.670029603378558
Lymphoma	III	57	6.061858323769309
Lymphoma	III	58	6.518714319244499
Lymphoma	III	59	7.0364695180758705
Lymphoma	III	60	7.592914488389361
Lymphoma	III	61	8.164943206087644
Lymphoma	III	62	8.729331971656105
Lymphoma	III	63	9.264010219963662
Lymphoma	III	64	9.776363865538988
Lymphoma	III	65	10.30361319706929
Lymphoma	III	66	10.884676524796813
Lymphoma	III	67	11.558684723536786
Lymphoma	III	68	12.362714918855772
Lymphoma	III	69	13.288332743617596
Lymphoma	III	70	14.281944309377304
Lymphoma	III	71	15.288409059108309
Lymphoma	III	72	16.252852887842597
Lymphoma	III	73	17.121808783835032
Lymphoma	III	74	17.87944930664657
Lymphoma	III	75	18.547932505411286
Lymphoma	III	76	19.151268647708626
Lymphoma	III	77	19.714016815885635
Lymphoma	III	78	20.26091999017684
Lymphoma	III	79	20.804964075555546
Lymphoma	IV	50	7.20372857041998
Lymphoma	IV	51	7.976233510701292
Lymphoma	IV	52	8.750444207954448
Lymphoma	IV	53	9.526642181429668
Lymphoma	IV	54	10.318560251954466
Lymphoma	IV	55	11.153394049209595
Lymphoma	IV	56	12.058982511570942
Lymphoma	IV	57	13.06319233228364
Lymphoma	IV	58	14.193138532706206
Lymphoma	IV	59	15.458550564048315
Lymphoma	IV	60	16.851859924872187
Lymphoma	IV	61	18.3648802580742
Lymphoma	IV	62	19.98956820346619
Lymphoma	IV	63	21.717772995653114
Lymphoma	IV	64	23.53537573980237
Lymphoma	IV	65	25.421850038530565
Lymphoma	IV	66	27.355928764094607
Lymphoma	IV	67	29.316083485931987
Lymphoma	IV	68	31.281692161201114
Lymphoma	IV	69	33.25213245815939
Lymphoma	IV	70	35.24654321554489
Lymphoma	IV	71	37.284656208897985
Lymphoma	IV	72	39.3861283567529
Lymphoma	IV	73	41.57034463877515
Lymphoma	IV	74	43.83927451003964
Lymphoma	IV	75	46.176821132341
Lymphoma	IV	76	48.56567203283489
Lymphoma	IV	77	50.98767250493702
Lymphoma	IV	78	53.4240449762074
Lymphoma	IV	79	55.864676775974054
Melanoma	I	50	22.29509655424344
Melanoma	I	51	22.91436358523344
Melanoma	I	52	23.5311893571079
Melanoma	I	53	24.14635953672477
Melanoma	I	54	24.77305782701747
Melanoma	I	55	25.436975741931732
Melanoma	I	56	26.164475009066493
Melanoma	I	57	26.98201565562696
Melanoma	I	58	27.915654698780465
Melanoma	I	59	28.980867490372567
Melanoma	I	60	30.182328150972506
Melanoma	I	61	31.523963397046717
Melanoma	I	62	33.00941500706316
Melanoma	I	63	34.640477013661034
Melanoma	I	64	36.38422571874509
Melanoma	I	65	38.17362305336991
Melanoma	I	66	39.94078190229769
Melanoma	I	67	41.61846199725521
Melanoma	I	68	43.14182097393477
Melanoma	I	69	44.488430720849095
Melanoma	I	70	45.67733013365422
Melanoma	I	71	46.728304978326314
Melanoma	I	72	47.6599441883012
Melanoma	I	73	48.489419733627635
Melanoma	I	74	49.23227016677476
Melanoma	I	75	49.903879340115914
Melanoma	I	76	50.52067090086114
Melanoma	I	77	51.10032595990907
Melanoma	I	78	51.66145249595519
Melanoma	I	79	52.21422313664864
Melanoma	II	50	3.2062616360408835
Melanoma	II	51	3.564302900975645
Melanoma	II	52	3.924094887092617
Melanoma	II	53	4.285417004732571
Melanoma	II	54	4.647047142725716
Melanoma	II	55	5.00669924845259
Melanoma	II	56	5.361971875108299
Melanoma	II	57	5.71040773449599
Melanoma	II	58	6.050277203834993
Melanoma	II	59	6.397400813582554
Melanoma	II	60	6.785323438538374
Melanoma	II	61	7.248595276689754
Melanoma	II	62	7.8220214014073575
Melanoma	II	63	8.53915727281001
Melanoma	II	64	9.39782561798121
Melanoma	II	65	10.359511732892942
Melanoma	II	66	11.383475260986193
Melanoma	II	67	12.428369883159306
Melanoma	II	68	13.453781590191497
Melanoma	II	69	14.451406982340641
Melanoma	II	70	15.445829488519603
Melanoma	II	71	16.4639210756049
Melanoma	II	72	17.533537716750836
Melanoma	II	73	18.68281795268915
Melanoma	II	74	19.919008739952872
Melanoma	II	75	21.227139094543272
Melanoma	II	76	22.590340780802666
Melanoma	II	77	23.990563476967505
Melanoma	II	78	25.408884071907558
Melanoma	II	79	26.834998221341028
Melanoma	III	50	1.9971552374775083
Melanoma	III	51	2.1212270352700964
Melanoma	III	52	2.245616170209628
Melanoma	III	53	2.3702613664278838
Melanoma	III	54	2.494426193593499
Melanoma	III	55	2.6166726217520933
Melanoma	III	56	2.7354996249804646
Melanoma	III	57	2.8493824567078194
Melanoma	III	58	2.956910466226728
Melanoma	III	59	3.0595609984941388
Melanoma	III	60	3.16170777415851
Melanoma	III	61	3.2678469470350957
Melanoma	III	62	3.3824560329117244
Melanoma	III	63	3.5099139544497433
Melanoma	III	64	3.652935832891283
Melanoma	III	65	3.812693032586185
Melanoma	III	66	3.9904229936058653
Melanoma	III	67	4.1874253963320855
Melanoma	III	68	4.404780534677489
Melanoma	III	69	4.63928380748235
Melanoma	III	70	4.8835445834255635
Melanoma	III	71	5.130125527339599
Melanoma	III	72	5.371757480515378
Melanoma	III	73	5.601489280692676
Melanoma	III	74	5.817382675258748
Melanoma	III	75	6.022429506371218
Melanoma	III	76	6.219769873601416
Melanoma	III	77	6.4125340641264605
Melanoma	III	78	6.6038115289794925
Melanoma	III	79	6.795186765144427
Melanoma	IV	50	0.48641046345826644
Melanoma	IV	51	0.5544987292528771
Melanoma	IV	52	0.6229601958338727
Melanoma	IV	53	0.691723112023198
Melanoma	IV	54	0.759931520047144
Melanoma	IV	55	0.8259243456985118
Melanoma	IV	56	0.8879807414236
Melanoma	IV	57	0.9443611221019603
Melanoma	IV	58	0.9935122654668567
Melanoma	IV	59	1.038402089864277
Melanoma	IV	60	1.0865566490758287
Melanoma	IV	61	1.1457467587268555
Melanoma	IV	62	1.2237919350852628
Melanoma	IV	63	1.3282139569646145
Melanoma	IV	64	1.4582940061544247
Melanoma	IV	65	1.6049539610851737
Melanoma	IV	66	1.7586306336277227
Melanoma	IV	67	1.909657710920626
Melanoma	IV	68	2.048607339705578
Melanoma	IV	69	2.172845300046342
Melanoma	IV	70	2.286603166918553
Melanoma	IV	71	2.394473097840902
Melanoma	IV	72	2.50109190013617
Melanoma	IV	73	2.6110345683678147
Melanoma	IV	74	2.7261893104679213
Melanoma	IV	75	2.8456880014636137
Melanoma	IV	76	2.968493503670415
Melanoma	IV	77	3.0935031142153893
Melanoma	IV	78	3.219566338492701
Melanoma	IV	79	3.3460595828706854
Esophagus	I	50	0.3666066414647975
Esophagus	I	51	0.5342940359985392
Esophagus	I	52	0.7011740024579858
Esophagus	I	53	0.8678139087569469
Esophagus	I	54	1.0375756251794377
Esophagus	I	55	1.2167806802162913
Esophagus	I	56	1.411863097055995
Esophagus	I	57	1.6292982526264213
Esophagus	I	58	1.8752826746448465
Esophagus	I	59	2.147701519761993
Esophagus	I	60	2.43599495991634
Esophagus	I	61	2.72909671234415
Esophagus	I	62	3.0157832913628835
Esophagus	I	63	3.285158216153444
Esophagus	I	64	3.53721391598959
Esophagus	I	65	3.7830158886542
Esophagus	I	66	4.0342681863534144
Esophagus	I	67	4.302805492138034
Esophagus	I	68	4.600006573735598
Esophagus	I	69	4.925152036915189
Esophagus	I	70	5.265420141687791
Esophagus	I	71	5.607520780122266
Esophagus	I	72	5.938231896682363
Esophagus	I	73	6.244763026308389
Esophagus	I	74	6.523708497130736
Esophagus	I	75	6.781016489045649
Esophagus	I	76	7.022994254133531
Esophagus	I	77	7.255929634668512
Esophagus	I	78	7.485976610314192
Esophagus	I	79	7.71626749242373
Esophagus	II	50	0.6188248784560277
Esophagus	II	51	0.7976016602530543
Esophagus	II	52	0.9773810847723369
Esophagus	II	53	1.1577332634321864
Esophagus	II	54	1.3410583422222835
Esophagus	II	55	1.5323413271887687
Esophagus	II	56	1.7367048856438512
Esophagus	II	57	1.959309800455162
Esophagus	II	58	2.205316580490141
Esophagus	II	59	2.4787307281206004
Esophagus	II	60	2.7824309405519854
Esophagus	II	61	3.1193539864274435
Esophagus	II	62	3.492543216552538
Esophagus	II	63	3.9048077751179684
Esophagus	II	64	4.3513374139249095
Esophagus	II	65	4.819420771685298
Esophagus	II	66	5.295657100695165
Esophagus	II	67	5.7663544795487995
Esophagus	II	68	6.218139491108967
Esophagus	II	69	6.649060362215975
Esophagus	II	70	7.068795122326963
Esophagus	II	71	7.4877090711418015
Esophagus	II	72	7.916409123283517
Esophagus	II	73	8.365635336077117
Esophagus	II	74	8.839201648128613
Esophagus	II	75	9.333500908662577
Esophagus	II	76	9.844285172974995
Esophagus	II	77	10.366790849795692
Esophagus	II	78	10.895737873891525
Esophagus	II	79	11.428118561715289
Esophagus	III	50	1.4223655689183157
Esophagus	III	51	2.034618738286761
Esophagus	III	52	2.6446090630985557
Esophagus	III	53	3.2538001254035316
Esophagus	III	54	3.8686017852552284
Esophagus	III	55	4.500889522672382
Esophagus	III	56	5.162723797104281
Esophagus	III	57	5.866154897721722
Esophagus	III	58	6.6225820382026175
Esophagus	III	59	7.428062937192773
Esophagus	III	60	8.263200985288298
Esophagus	III	61	9.107757752744527
Esophagus	III	62	9.941318835075817
Esophagus	III	63	10.744180489178214
Esophagus	III	64	11.5166419001035
Esophagus	III	65	12.279286973851214
Esophagus	III	66	13.053879800010616
Esophagus	III	67	13.862438287406977
Esophagus	III	68	14.725949401785781
Esophagus	III	69	15.638158566426258
Esophagus	III	70	16.56543909613986
Esophagus	III	71	17.472901951974055
Esophagus	III	72	18.325566666609056
Esophagus	III	73	19.089402157266264
Esophagus	III	74	19.757129483035527
Esophagus	III	75	20.348463642799896
Esophagus	III	76	20.884432387104653
Esophagus	III	77	21.386319367818334
Esophagus	III	78	21.875281116686267
Esophagus	III	79	22.36227638163349
Esophagus	IV	50	2.09273060061062
Esophagus	IV	51	2.755637591131501
Esophagus	IV	52	3.4206122115610738
Esophagus	IV	53	4.0866677861062835
Esophagus	IV	54	4.756377692573481
Esophagus	IV	55	5.435436039085237
Esophagus	IV	56	6.129716183958743
Esophagus	IV	57	6.845022186494875
Esophagus	IV	58	7.586838851094787
Esophagus	IV	59	8.356721421875783
Esophagus	IV	60	9.152513828005338
Esophagus	IV	61	9.972100748652826
Esophagus	IV	62	10.813593458484982
Esophagus	IV	63	11.675319234791859
Esophagus	IV	64	12.555780540836977
Esophagus	IV	65	13.453470795348759
Esophagus	IV	66	14.366773527712148
Esophagus	IV	67	15.293978990933132
Esophagus	IV	68	16.23292697497133
Esophagus	IV	69	17.172142535071533
Esophagus	IV	70	18.090762582925528
Esophagus	IV	71	18.96734866450757
Esophagus	IV	72	19.780244086841087
Esophagus	IV	73	20.508383173300057
Esophagus	IV	74	21.149907514534362
Esophagus	IV	75	21.722450082631834
Esophagus	IV	76	22.244717953832705
Esophagus	IV	77	22.735697359426414
Esophagus	IV	78	23.214281276270704
Esophagus	IV	79	23.690283395715532
Pancreas	I	50	0.5048907882474124
Pancreas	I	51	0.5224023955921626
Pancreas	I	52	0.5399161101672356
Pancreas	I	53	0.5576198209928817
Pancreas	I	54	0.5800167750686779
Pancreas	I	55	0.6158661501010184
Pancreas	I	56	0.6741344287900777
Pancreas	I	57	0.7639785529509111
Pancreas	I	58	0.8943463024503191
Pancreas	I	59	1.0617953490622576
Pancreas	I	60	1.249776654482399
Pancreas	I	61	1.440467584487877
Pancreas	I	62	1.6156328545839869
Pancreas	I	63	1.7579407134005642
Pancreas	I	64	1.8695356992965815
Pancreas	I	65	1.9716687491041875
Pancreas	I	66	2.086014660300878
Pancreas	I	67	2.2338874250681013
Pancreas	I	68	2.4359455794341245
Pancreas	I	69	2.6981145943866687
Pancreas	I	70	3.011665759142617
Pancreas	I	71	3.3675293720808406
Pancreas	I	72	3.756740833444269
Pancreas	I	73	4.170385724532057
Pancreas	I	74	4.602613034377372
Pancreas	I	75	5.050490354424786
Pancreas	I	76	5.5108092383990845
Pancreas	I	77	5.979998779829146
Pancreas	I	78	6.454259457484428
Pancreas	I	79	6.931391073638219
Pancreas	II	50	0.6949028672258201
Pancreas	II	51	0.9592867879656876
Pancreas	II	52	1.223667289712134
Pancreas	II	53	1.4880494747636932
Pancreas	II	54	1.7525667337372257
Pancreas	II	55	2.017593033092918
Pancreas	II	56	2.283542351659855
Pancreas	II	57	2.5506550764702753
Pancreas	II	58	2.8189410829954014
Pancreas	II	59	3.0909076988575985
Pancreas	II	60	3.372161797939877
Pancreas	II	61	3.6690529688200986
Pancreas	II	62	3.9884340404019762
Pancreas	II	63	4.337158177659201
Pancreas	II	64	4.717127927162316
Pancreas	II	65	5.125152986452302
Pancreas	II	66	5.557747016008721
Pancreas	II	67	6.011460339496283
Pancreas	II	68	6.482897688905293
Pancreas	II	69	6.968973729075
Pancreas	II	70	7.4668385030694
Pancreas	II	71	7.973493024860222
Pancreas	II	72	8.48570839442826
Pancreas	II	73	9.000014669956318
Pancreas	II	74	9.513936899249666
Pancreas	II	75	10.026374735585115
Pancreas	II	76	10.53663821467238
Pancreas	II	77	11.044445038216653
Pancreas	II	78	11.54991166547411
Pancreas	II	79	12.053343420946618
Pancreas	III	50	0.7361898088643336
Pancreas	III	51	0.8869837113862952
Pancreas	III	52	1.0377773922385538
Pancreas	III	53	1.1886984652243462
Pancreas	III	54	1.342810666934857
Pancreas	III	55	1.5061255923104429
Pancreas	III	56	1.684803362683686
Pancreas	III	57	1.8850308742351498
Pancreas	III	58	2.112715858601448
Pancreas	III	59	2.366579979698129
Pancreas	III	60	2.6380117062248125
Pancreas	III	61	2.9179488706024705
Pancreas	III	62	3.197344799234083
Pancreas	III	63	3.467855471513127
Pancreas	III	64	3.7330221203823397
Pancreas	III	65	4.007878557319486
Pancreas	III	66	4.3075805143737975
Pancreas	III	67	4.6470323126123425
Pancreas	III	68	5.040525128945295
Pancreas	III	69	5.4872903825916985
Pancreas	III	70	5.971426954164642
Pancreas	III	71	6.476312513643756
Pancreas	III	72	6.984927474607471
Pancreas	III	73	7.4799879321685605
Pancreas	III	74	7.954072622296084
Pancreas	III	75	8.410296328029956
Pancreas	III	76	8.852594071782597
Pancreas	III	77	9.285426773048936
Pancreas	III	78	9.713714960554736
Pancreas	III	79	10.140247494560887
Pancreas	IV	50	4.116958343987792
Pancreas	IV	51	4.85479347005107
Pancreas	IV	52	5.592630129547148
Pancreas	IV	53	6.331063636590659
Pancreas	IV	54	7.084375678653594
Pancreas	IV	55	7.880469720751602
Pancreas	IV	56	8.747769303382075
Pancreas	IV	57	9.71465432487639
Pancreas	IV	58	10.808785481659243
Pancreas	IV	59	12.041827274740296
Pancreas	IV	60	13.40970964508497
Pancreas	IV	61	14.907906011201133
Pancreas	IV	62	16.531783707560628
Pancreas	IV	63	18.275769820589883
Pancreas	IV	64	20.1232048170513
Pancreas	IV	65	22.047247340939812
Pancreas	IV	66	24.021472566234596
Pancreas	IV	67	26.020031220007866
Pancreas	IV	68	28.018264989337773
Pancreas	IV	69	30.020464115678216
Pancreas	IV	70	32.05993584712812
Pancreas	IV	71	34.17117543037164
Pancreas	IV	72	36.38920018062096
Pancreas	IV	73	38.74870279749034
Pancreas	IV	74	41.252519661858024
Pancreas	IV	75	43.8707226191252
Pancreas	IV	76	46.571649135802126
Pancreas	IV	77	49.323065575516836
Pancreas	IV	78	52.092767423242705
Pancreas	IV	79	54.86404773112221
Sarcoma	I	50	2.086782482766803
Sarcoma	I	51	2.133126317876594
Sarcoma	I	52	2.1835533309220496
Sarcoma	I	53	2.236991589569014
Sarcoma	I	54	2.290350306595832
Sarcoma	I	55	2.3385006642781585
Sarcoma	I	56	2.376370856596053
Sarcoma	I	57	2.3988051819180387
Sarcoma	I	58	2.400774933917426
Sarcoma	I	59	2.388652369722327
Sarcoma	I	60	2.380854578362657
Sarcoma	I	61	2.3972034958433444
Sarcoma	I	62	2.458790576053454
Sarcoma	I	63	2.5867103031160363
Sarcoma	I	64	2.7772283766152706
Sarcoma	I	65	3.0007297225308642
Sarcoma	I	66	3.2258363085511497
Sarcoma	I	67	3.4209451832736413
Sarcoma	I	68	3.555567677246562
Sarcoma	I	69	3.625541271458741
Sarcoma	I	70	3.653176510018961
Sarcoma	I	71	3.6621233651018312
Sarcoma	I	72	3.676161000807029
Sarcoma	I	73	3.7184482415172724
Sarcoma	I	74	3.7968314586220173
Sarcoma	I	75	3.903806866094556
Sarcoma	I	76	4.031165221617325
Sarcoma	I	77	4.170704298337285
Sarcoma	I	78	4.314425115551262
Sarcoma	I	79	4.4582587350697445
Sarcoma	II	50	1.5060319879275512
Sarcoma	II	51	1.5129206408262468
Sarcoma	II	52	1.5253652078363875
Sarcoma	II	53	1.5420920080757408
Sarcoma	II	54	1.563172710299997
Sarcoma	II	55	1.5894777279220993
Sarcoma	II	56	1.6216920909934576
Sarcoma	II	57	1.6605675270468143
Sarcoma	II	58	1.7071592490338126
Sarcoma	II	59	1.7620185965744524
Sarcoma	II	60	1.8249649776521586
Sarcoma	II	61	1.8955418880559858
Sarcoma	II	62	1.9727050987393364
Sarcoma	II	63	2.0549870940596953
Sarcoma	II	64	2.144119923698781
Sarcoma	II	65	2.2456549245246107
Sarcoma	II	66	2.365684252902444
Sarcoma	II	67	2.510414967065266
Sarcoma	II	68	2.685612667585545
Sarcoma	II	69	2.8865056264524
Sarcoma	II	70	3.0976234599804395
Sarcoma	II	71	3.3028445093305674
Sarcoma	II	72	3.4859333940748964
Sarcoma	II	73	3.631172792519249
Sarcoma	II	74	3.7351124737864985
Sarcoma	II	75	3.8065851636271417
Sarcoma	II	76	3.854984953438986
Sarcoma	II	77	3.8896707880250956
Sarcoma	II	78	3.9197392022222806
Sarcoma	II	79	3.949802234807133
Sarcoma	III	50	0.8635161654848865
Sarcoma	III	51	1.0124699550693121
Sarcoma	III	52	1.1503638665644382
Sarcoma	III	53	1.2797825633909172
Sarcoma	III	54	1.4016350820933035
Sarcoma	III	55	1.5158217437372166
Sarcoma	III	56	1.6222987329623424
Sarcoma	III	57	1.7210358052279648
Sarcoma	III	58	1.8120656219298337
Sarcoma	III	59	1.89636583032791
Sarcoma	III	60	1.9753373109522256
Sarcoma	III	61	2.0495113551235153
Sarcoma	III	62	2.1185232803545966
Sarcoma	III	63	2.181655387726871
Sarcoma	III	64	2.242276262264435
Sarcoma	III	65	2.3084176653047574
Sarcoma	III	66	2.3887820222329075
Sarcoma	III	67	2.4921848689881085
Sarcoma	III	68	2.62698290728369
Sarcoma	III	69	2.791724146203091
Sarcoma	III	70	2.9750369792977076
Sarcoma	III	71	3.164941633385827
Sarcoma	III	72	3.3493330432098865
Sarcoma	III	73	3.516406207741477
Sarcoma	III	74	3.6624304639346046
Sarcoma	III	75	3.791790941238853
Sarcoma	III	76	3.909264295832517
Sarcoma	III	77	4.019628545334415
Sarcoma	III	78	4.127541741660424
Sarcoma	III	79	4.235372703363999
Sarcoma	IV	50	1.3027561008781756
Sarcoma	IV	51	1.3431729564622976
Sarcoma	IV	52	1.3850105980886087
Sarcoma	IV	53	1.4279129516369589
Sarcoma	IV	54	1.4711815250475193
Sarcoma	IV	55	1.5136742775194638
Sarcoma	IV	56	1.5542046524191515
Sarcoma	IV	57	1.5915897204235454
Sarcoma	IV	58	1.6248885003147646
Sarcoma	IV	59	1.6582306344897124
Sarcoma	IV	60	1.7009223314121449
Sarcoma	IV	61	1.7627457887397855
Sarcoma	IV	62	1.8536973848897917
Sarcoma	IV	63	1.9831242351114164
Sarcoma	IV	64	2.1451980628172564
Sarcoma	IV	65	2.318770574416082
Sarcoma	IV	66	2.4818224151019663
Sarcoma	IV	67	2.612331136737913
Sarcoma	IV	68	2.6892478745322905
Sarcoma	IV	69	2.7128578228884
Sarcoma	IV	70	2.70490557271844
Sarcoma	IV	71	2.688243302165267
Sarcoma	IV	72	2.6858330111112982
Sarcoma	IV	73	2.7199751577756377
Sarcoma	IV	74	2.797274780970611
Sarcoma	IV	75	2.908621884200932
Sarcoma	IV	76	3.0441952764687317
Sarcoma	IV	77	3.1942005364658375
Sarcoma	IV	78	3.349102782522972
Sarcoma	IV	79	3.5040602526299396
Stomach	I	50	0.3320044022729459
Stomach	I	51	0.4125274634630743
Stomach	I	52	0.49296694384632533
Stomach	I	53	0.5733790369925288
Stomach	I	54	0.6544882732901451
Stomach	I	55	0.7376942653586895
Stomach	I	56	0.8244258352468645
Stomach	I	57	0.9161123495907013
Stomach	I	58	1.0141322539402156
Stomach	I	59	1.1186715045131232
Stomach	I	60	1.2287263751831363
Stomach	I	61	1.343242129051485
Stomach	I	62	1.4611573974887295
Stomach	I	63	1.5815794119081414
Stomach	I	64	1.70780402812447
Stomach	I	65	1.8473524508377792
Stomach	I	66	2.0079778892545335
Stomach	I	67	2.1974839077994472
Stomach	I	68	2.4236216425403034
Stomach	I	69	2.692053701693836
Stomach	I	70	3.006398029038142
Stomach	I	71	3.3703014104054976
Stomach	I	72	3.787544179211773
Stomach	I	73	4.261719014059563
Stomach	I	74	4.789213319884809
Stomach	I	75	5.358976090111114
Stomach	I	76	5.9593949695345625
Stomach	I	77	6.578658031508705
Stomach	I	78	7.20505380676726
Stomach	I	79	7.832483531785591
Stomach	II	50	0.6372309902655308
Stomach	II	51	0.7692118545244935
Stomach	II	52	0.901096783332362
Stomach	II	53	1.03283800016735
Stomach	II	54	1.1625754739205556
Stomach	II	55	1.2866533706976928
Stomach	II	56	1.401341351971934
Stomach	II	57	1.5028989838401965
Stomach	II	58	1.5879262322866787
Stomach	II	59	1.6613614434609598
Stomach	II	60	1.7364784136123221
Stomach	II	61	1.8269149118253425
Stomach	II	62	1.946376666947932
Stomach	II	63	2.108225394558216
Stomach	II	64	2.314751866613839
Stomach	II	65	2.5569919946028072
Stomach	II	66	2.825332056738709
Stomach	II	67	3.109956100712137
Stomach	II	68	3.4015384001881412
Stomach	II	69	3.7064192853231672
Stomach	II	70	4.0468311951075595
Stomach	II	71	4.4459201015756324
Stomach	II	72	4.92718363928134
Stomach	II	73	5.513672590555915
Stomach	II	74	6.206463949846549
Stomach	II	75	6.983982246639589
Stomach	II	76	7.823130441199895
Stomach	II	77	8.700265699712695
Stomach	II	78	9.591790967706284
Stomach	II	79	10.485374929916867
Stomach	III	50	0.9234022820348686
Stomach	III	51	1.1081993048956802
Stomach	III	52	1.2928757498861514
Stomach	III	53	1.4774777298012447
Stomach	III	54	1.6622129693247423
Stomach	III	55	1.8474646274169142
Stomach	III	56	2.0336250410836083
Stomach	III	57	2.22108229713936
Stomach	III	58	2.410262512531471
Stomach	III	59	2.6026857438163202
Stomach	III	60	2.800961231036436
Stomach	III	61	3.0077284626619436
Stomach	III	62	3.225619293732691
Stomach	III	63	3.4574091313723834
Stomach	III	64	3.709051090480059
Stomach	III	65	3.989692064630986
Stomach	III	66	4.308656755299502
Stomach	III	67	4.675303117130871
Stomach	III	68	5.098720181850915
Stomach	III	69	5.581309882881993
Stomach	III	70	6.118726285947186
Stomach	III	71	6.706208979271719
Stomach	III	72	7.338783908173569
Stomach	III	73	8.0110991783415
Stomach	III	74	8.716227007850826
Stomach	III	75	9.446085541611163
Stomach	III	76	10.192890139647828
Stomach	III	77	10.949208712813709
Stomach	III	78	11.708052202719815
Stomach	III	79	12.46603407156525
Stomach	IV	50	2.346203373297467
Stomach	IV	51	2.603469929839239
Stomach	IV	52	2.8610365805093236
Stomach	IV	53	3.119081406450455
Stomach	IV	54	3.3841148473570923
Stomach	IV	55	3.668942681873593
Stomach	IV	56	3.9866394167878316
Stomach	IV	57	4.3502933598679245
Stomach	IV	58	4.7724380313035
Stomach	IV	59	5.252139712019693
Stomach	IV	60	5.775002322877435
Stomach	IV	61	6.326059295602808
Stomach	IV	62	6.890290367319499
Stomach	IV	63	7.4533489249522145
Stomach	IV	64	8.019354105998714
Stomach	IV	65	8.611021919994215
Stomach	IV	66	9.251949986000703
Stomach	IV	67	9.965854545213958
Stomach	IV	68	10.776151891874948
Stomach	IV	69	11.696353227982584
Stomach	IV	70	12.729855516934625
Stomach	IV	71	13.879396752271791
Stomach	IV	72	15.147443360338814
Stomach	IV	73	16.535556952334844
Stomach	IV	74	18.031959366974416
Stomach	IV	75	19.612022670962293
Stomach	IV	76	21.250987471925708
Stomach	IV	77	22.924487192186465
Stomach	IV	78	24.608967099653533
Stomach	IV	79	26.29261709727296
Thyroid	I	50	4.617400093156705
Thyroid	I	51	4.497586438970263
Thyroid	I	52	4.380371931855615
Thyroid	I	53	4.265606554573301
Thyroid	I	54	4.152053345112425
Thyroid	I	55	4.037068951512421
Thyroid	I	56	3.9175264590014534
Thyroid	I	57	3.789978362902879
Thyroid	I	58	3.6510892053097983
Thyroid	I	59	3.5050552649095224
Thyroid	I	60	3.3641304792102282
Thyroid	I	61	3.2415622613620716
Thyroid	I	62	3.151270606748519
Thyroid	I	63	3.107209090919442
Thyroid	I	64	3.109033921852863
Thyroid	I	65	3.14128551582818
Thyroid	I	66	3.1872558051542015
Thyroid	I	67	3.229860146254269
Thyroid	I	68	3.2521857936826444
Thyroid	I	69	3.2454523626524447
Thyroid	I	70	3.2091435732590465
Thyroid	I	71	3.143143899048205
Thyroid	I	72	3.0472881210339624
Thyroid	I	73	2.9213938446423002
Thyroid	I	74	2.7679406527861508
Thyroid	I	75	2.592182528367529
Thyroid	I	76	2.399552158333004
Thyroid	I	77	2.1956420466639086
Thyroid	I	78	1.9861701167426116
Thyroid	I	79	1.7740575474647426
Thyroid	II	50	1.1658191976665373
Thyroid	II	51	1.212176038108182
Thyroid	II	52	1.2577819219076491
Thyroid	II	53	1.3026289584310347
Thyroid	II	54	1.34584074898631
Thyroid	II	55	1.385750357178043
Thyroid	II	56	1.4207689553664047
Thyroid	II	57	1.4494192573522755
Thyroid	II	58	1.470386817233457
Thyroid	II	59	1.4832755671257676
Thyroid	II	60	1.4882505976610605
Thyroid	II	61	1.4850320928093024
Thyroid	II	62	1.4730071696247546
Thyroid	II	63	1.4518893627932823
Thyroid	II	64	1.4254027093467407
Thyroid	II	65	1.4007189391707158
Thyroid	II	66	1.3844568232354437
Thyroid	II	67	1.3823272581058281
Thyroid	II	68	1.399038243903464
Thyroid	II	69	1.4310989571263744
Thyroid	II	70	1.4673820247975515
Thyroid	II	71	1.4967932077049566
Thyroid	II	72	1.5083852693060407
Thyroid	II	73	1.4915177416213836
Thyroid	II	74	1.4439375223909636
Thyroid	II	75	1.3718221745593011
Thyroid	II	76	1.28167768254383
Thyroid	II	77	1.1800911763798112
Thyroid	II	78	1.0736886848684566
Thyroid	II	79	0.9658815855532457
Thyroid	III	50	1.573476157511193
Thyroid	III	51	1.6204209922667299
Thyroid	III	52	1.6666392349008752
Thyroid	III	53	1.7120233046386704
Thyroid	III	54	1.7533463346415576
Thyroid	III	55	1.7844057310497297
Thyroid	III	56	1.7990238396608262
Thyroid	III	57	1.7910409834901793
Thyroid	III	58	1.7545850331248685
Thyroid	III	59	1.6942374615101055
Thyroid	III	60	1.6253183777742213
Thyroid	III	61	1.5640099407170953
Thyroid	III	62	1.52707367839035
Thyroid	III	63	1.5309108189428566
Thyroid	III	64	1.5756090257753392
Thyroid	III	65	1.6448291172700027
Thyroid	III	66	1.7216670815638782
Thyroid	III	67	1.7896473999744607
Thyroid	III	68	1.8331908153235181
Thyroid	III	69	1.8483160195067192
Thyroid	III	70	1.8423223708804337
Thyroid	III	71	1.822836091956554
Thyroid	III	72	1.7974074313427721
Thyroid	III	73	1.7734135740555483
Thyroid	III	74	1.7541420487181119
Thyroid	III	75	1.7387820409606856
Thyroid	III	76	1.726360057984388
Thyroid	III	77	1.7158797136035686
Thyroid	III	78	1.7063119423189241
Thyroid	III	79	1.6971214902519434
Thyroid	IV	50	0.9731371140339842
Thyroid	IV	51	1.0387668120758782
Thyroid	IV	52	1.1032749118095442
Thyroid	IV	53	1.1666948473280454
Thyroid	IV	54	1.2287975368465482
Thyroid	IV	55	1.28918929848349
Thyroid	IV	56	1.3476249102002622
Thyroid	IV	57	1.4040502212046657
Thyroid	IV	58	1.458833587137666
Thyroid	IV	59	1.516093291316184
Thyroid	IV	60	1.583243808183437
Thyroid	IV	61	1.667273934602583
Thyroid	IV	62	1.7742535828674295
Thyroid	IV	63	1.9086187871102094
Thyroid	IV	64	2.0638198653118978
Thyroid	IV	65	2.223815933191627
Thyroid	IV	66	2.3732981993333198
Thyroid	IV	67	2.4978138294312315
Thyroid	IV	68	2.5839906613814256
Thyroid	IV	69	2.6332815610255143
Thyroid	IV	70	2.661587686391916
Thyroid	IV	71	2.6851953795318626
Thyroid	IV	72	2.7203696462630145
Thyroid	IV	73	2.7830901415207676
Thyroid	IV	74	2.8784939389637203
Thyroid	IV	75	3.00072849558617
Thyroid	IV	76	3.1434279997956205
Thyroid	IV	77	3.3000085707337643
Thyroid	IV	78	3.463658868543692
Thyroid	IV	79	3.630881274151122
Urothelial Tract	I	50	0.10387778474905206
Urothelial Tract	I	51	0.1538900518899545
Urothelial Tract	I	52	0.20437914802705323
Urothelial Tract	I	53	0.2552134231811798
Urothelial Tract	I	54	0.3084954200875946
Urothelial Tract	I	55	0.3684614317384329
Urothelial Tract	I	56	0.43937115325639875
Urothelial Tract	I	57	0.5253446920540078
Urothelial Tract	I	58	0.630027774633099
Urothelial Tract	I	59	0.7500629036047916
Urothelial Tract	I	60	0.8755476815283808
Urothelial Tract	I	61	0.9967506398569426
Urothelial Tract	I	62	1.1041932773219552
Urothelial Tract	I	63	1.1890052201467987
Urothelial Tract	I	64	1.2551389641077801
Urothelial Tract	I	65	1.3191573547544897
Urothelial Tract	I	66	1.3979124337493458
Urothelial Tract	I	67	1.5082112767592586
Urothelial Tract	I	68	1.6663182940994556
Urothelial Tract	I	69	1.8723250419445432
Urothelial Tract	I	70	2.1099588410881425
Urothelial Tract	I	71	2.362118344161022
Urothelial Tract	I	72	2.6114694883413776
Urothelial Tract	I	73	2.840823894847058
Urothelial Tract	I	74	3.043840016807508
Urothelial Tract	I	75	3.2253603216280404
Urothelial Tract	I	76	3.3909167551694264
Urothelial Tract	I	77	3.5463020680214448
Urothelial Tract	I	78	3.697454188838518
Urothelial Tract	I	79	3.847553576578564
Urothelial Tract	II	50	0.11588076752987486
Urothelial Tract	II	51	0.12748768117488107
Urothelial Tract	II	52	0.13832601146179613
Urothelial Tract	II	53	0.14882250649689882
Urothelial Tract	II	54	0.16075629232037386
Urothelial Tract	II	55	0.17743751901934762
Urothelial Tract	II	56	0.20220852039116133
Urothelial Tract	II	57	0.23826477179093883
Urothelial Tract	II	58	0.2884127122149527
Urothelial Tract	II	59	0.35141270341724695
Urothelial Tract	II	60	0.42231363354266815
Urothelial Tract	II	61	0.4962909920774982
Urothelial Tract	II	62	0.5687250927318176
Urothelial Tract	II	63	0.635371777665179
Urothelial Tract	II	64	0.6983957097217889
Urothelial Tract	II	65	0.76626033924777
Urothelial Tract	II	66	0.847629307056741
Urothelial Tract	II	67	0.9511869606011548
Urothelial Tract	II	68	1.085292667910415
Urothelial Tract	II	69	1.248540389286103
Urothelial Tract	II	70	1.429631026679887
Urothelial Tract	II	71	1.61671512388815
Urothelial Tract	II	72	1.7977496313381023
Urothelial Tract	II	73	1.9607824751142164
Urothelial Tract	II	74	2.1017616470854543
Urothelial Tract	II	75	2.2247926953074324
Urothelial Tract	II	76	2.334503274066061
Urothelial Tract	II	77	2.435741213012463
Urothelial Tract	II	78	2.5334793845254953
Urothelial Tract	II	79	2.630379484577225
Urothelial Tract	III	50	0.23235666589520984
Urothelial Tract	III	51	0.26659986072527264
Urothelial Tract	III	52	0.2996248232330269
Urothelial Tract	III	53	0.3320812981375722
Urothelial Tract	III	54	0.3661422318034025
Urothelial Tract	III	55	0.4057807378776879
Urothelial Tract	III	56	0.45504778175620925
Urothelial Tract	III	57	0.5178991095032036
Urothelial Tract	III	58	0.5979230704898433
Urothelial Tract	III	59	0.6939104419394815
Urothelial Tract	III	60	0.8000933500570643
Urothelial Tract	III	61	0.9107103231798753
Urothelial Tract	III	62	1.020147483093344
Urothelial Tract	III	63	1.1232287398576408
Urothelial Tract	III	64	1.2234397501633436
Urothelial Tract	III	65	1.3328181710453422
Urothelial Tract	III	66	1.4636871247395589
Urothelial Tract	III	67	1.628399846618967
Urothelial Tract	III	68	1.8388759760575961
Urothelial Tract	III	69	2.094082279200123
Urothelial Tract	III	70	2.3798996738743394
Urothelial Tract	III	71	2.6815522583598232
Urothelial Tract	III	72	2.984105770483592
Urothelial Tract	III	73	3.272811148833378
Urothelial Tract	III	74	3.542058272213093
Urothelial Tract	III	75	3.7955657778436107
Urothelial Tract	III	76	4.0375535344605025
Urothelial Tract	III	77	4.272379458680401
Urothelial Tract	III	78	4.504456468048425
Urothelial Tract	III	79	4.736107392012609
Urothelial Tract	IV	50	0.13684637113208334
Urothelial Tract	IV	51	0.2326909797936239
Urothelial Tract	IV	52	0.3300455751393677
Urothelial Tract	IV	53	0.42816753061171775
Urothelial Tract	IV	54	0.5258554219974328
Urothelial Tract	IV	55	0.6210938581348665
Urothelial Tract	IV	56	0.7119362265615895
Urothelial Tract	IV	57	0.7968175802991222
Urothelial Tract	IV	58	0.8750284092099039
Urothelial Tract	IV	59	0.9530724026386234
Urothelial Tract	IV	60	1.0436346008108819
Urothelial Tract	IV	61	1.1587207344630521
Urothelial Tract	IV	62	1.3097311493811603
Urothelial Tract	IV	63	1.507335289241816
Urothelial Tract	IV	64	1.7501916293077093
Urothelial Tract	IV	65	2.025379975676083
Urothelial Tract	IV	66	2.3198958247695214
Urothelial Tract	IV	67	2.6207288192302367
Urothelial Tract	IV	68	2.9149876829989925
Urothelial Tract	IV	69	3.2014826071866005
Urothelial Tract	IV	70	3.4911772570238977
Urothelial Tract	IV	71	3.7958889841329655
Urothelial Tract	IV	72	4.128019809410181
Urothelial Tract	IV	73	4.500333012968076
Urothelial Tract	IV	74	4.91571778950385
Urothelial Tract	IV	75	5.366404757332161
Urothelial Tract	IV	76	5.843694838240998
Urothelial Tract	IV	77	6.33826992604306
Urothelial Tract	IV	78	6.8403683513578954
Urothelial Tract	IV	79	7.344665325142609
Lymphoid Leukemia	NotStaged	50	3.4545735265550235
Lymphoid Leukemia	NotStaged	51	4.172427115933014
Lymphoid Leukemia	NotStaged	52	4.890280705311005
Lymphoid Leukemia	NotStaged	53	5.608431639642105
Lymphoid Leukemia	NotStaged	54	6.334016197800957
Lymphoid Leukemia	NotStaged	55	7.081009592583732
Lymphoid Leukemia	NotStaged	56	7.863684381739713
Lymphoid Leukemia	NotStaged	57	8.696313123018182
Lymphoid Leukemia	NotStaged	58	9.59286796714976
Lymphoid Leukemia	NotStaged	59	10.560411703435886
Lymphoid Leukemia	NotStaged	60	11.599097759748805
Lymphoid Leukemia	NotStaged	61	12.708779156942104
Lymphoid Leukemia	NotStaged	62	13.889308915869378
Lymphoid Leukemia	NotStaged	63	15.14010361745885
Lymphoid Leukemia	NotStaged	64	16.450541724355503
Lymphoid Leukemia	NotStaged	65	17.79996358092105
Lymphoid Leukemia	NotStaged	66	19.167273091591863
Lymphoid Leukemia	NotStaged	67	20.531374160804305
Lymphoid Leukemia	NotStaged	68	21.87163741761483
Lymphoid Leukemia	NotStaged	69	23.178168157342103
Lymphoid Leukemia	NotStaged	70	24.451806341566986
Lymphoid Leukemia	NotStaged	71	25.693858656490427
Lymphoid Leukemia	NotStaged	72	26.905631788313393
Lymphoid Leukemia	NotStaged	73	28.088523197081816
Lymphoid Leukemia	NotStaged	74	29.246018141276075
Lymphoid Leukemia	NotStaged	75	30.38368967781101
Lymphoid Leukemia	NotStaged	76	31.507201637446418
Lymphoid Leukemia	NotStaged	77	32.62221785094211
Lymphoid Leukemia	NotStaged	78	33.73428415258373
Lymphoid Leukemia	NotStaged	79	34.8462324577512
Myeloid Neoplasm	NotStaged	50	4.113659416507177
Myeloid Neoplasm	NotStaged	51	4.471562889904306
Myeloid Neoplasm	NotStaged	52	4.829466363301435
Myeloid Neoplasm	NotStaged	53	5.187788599431579
Myeloid Neoplasm	NotStaged	54	5.556579903887081
Myeloid Neoplasm	NotStaged	55	5.955522125119617
Myeloid Neoplasm	NotStaged	56	6.404715874313875
Myeloid Neoplasm	NotStaged	57	6.924261762654545
Myeloid Neoplasm	NotStaged	58	7.533289906628229
Myeloid Neoplasm	NotStaged	59	8.22860904466555
Myeloid Neoplasm	NotStaged	60	8.984706537141149
Myeloid Neoplasm	NotStaged	61	9.77509924973158
Myeloid Neoplasm	NotStaged	62	10.573304048113398
Myeloid Neoplasm	NotStaged	63	11.354499571555502
Myeloid Neoplasm	NotStaged	64	12.132085251950718
Myeloid Neoplasm	NotStaged	65	12.957681313815788
Myeloid Neoplasm	NotStaged	66	13.884569755259808
Myeloid Neoplasm	NotStaged	67	14.966032574391866
Myeloid Neoplasm	NotStaged	68	16.25308075394976
Myeloid Neoplasm	NotStaged	69	17.744491923131577
Myeloid Neoplasm	NotStaged	70	19.386810357595692
Myeloid Neoplasm	NotStaged	71	21.124309317629187
Myeloid Neoplasm	NotStaged	72	22.901262063519138
Myeloid Neoplasm	NotStaged	73	24.663286730645456
Myeloid Neoplasm	NotStaged	74	26.386933581522968
Myeloid Neoplasm	NotStaged	75	28.079685005801437
Myeloid Neoplasm	NotStaged	76	29.750368268223447
Myeloid Neoplasm	NotStaged	77	31.40781063353158
Myeloid Neoplasm	NotStaged	78	33.060655465119616
Myeloid Neoplasm	NotStaged	79	34.71331639535885
Plasma Cell Neoplasm	NotStaged	50	4.302973835406698
Plasma Cell Neoplasm	NotStaged	51	5.138529261244019
Plasma Cell Neoplasm	NotStaged	52	5.97408468708134
Plasma Cell Neoplasm	NotStaged	53	6.809675621389474
Plasma Cell Neoplasm	NotStaged	54	7.646154267467942
Plasma Cell Neoplasm	NotStaged	55	8.485189523444976
Plasma Cell Neoplasm	NotStaged	56	9.328485795919615
Plasma Cell Neoplasm	NotStaged	57	10.177747491490909
Plasma Cell Neoplasm	NotStaged	58	11.035378461333014
Plasma Cell Neoplasm	NotStaged	59	11.919869781847847
Plasma Cell Neoplasm	NotStaged	60	12.865799754665073
Plasma Cell Neoplasm	NotStaged	61	13.908446125989474
Plasma Cell Neoplasm	NotStaged	62	15.083086642025837
Plasma Cell Neoplasm	NotStaged	63	16.42324563287847
Plasma Cell Neoplasm	NotStaged	64	17.92211885834067
Plasma Cell Neoplasm	NotStaged	65	19.532573507894735
Plasma Cell Neoplasm	NotStaged	66	21.205723354922487
Plasma Cell Neoplasm	NotStaged	67	22.892682172805745
Plasma Cell Neoplasm	NotStaged	68	24.54693186215311
Plasma Cell Neoplasm	NotStaged	69	26.17642124978947
Plasma Cell Neoplasm	NotStaged	70	27.84356608875598
Plasma Cell Neoplasm	NotStaged	71	29.613150259320573
Plasma Cell Neoplasm	NotStaged	72	31.549957641751195
Plasma Cell Neoplasm	NotStaged	73	33.71632078950909
Plasma Cell Neoplasm	NotStaged	74	36.118191739501434
Plasma Cell Neoplasm	NotStaged	75	38.70514201208134
Plasma Cell Neoplasm	NotStaged	76	41.42429180079522
Plasma Cell Neoplasm	NotStaged	77	44.22276129918947
Plasma Cell Neoplasm	NotStaged	78	47.048772363444975
Plasma Cell Neoplasm	NotStaged	79	49.875885090334926
[OTHER]	I	50	4.143070826076555
[OTHER]	I	51	4.089937175645933
[OTHER]	I	52	4.036803525215311
[OTHER]	I	53	3.983793536636842
[OTHER]	I	54	3.933875094362201
[OTHER]	I	55	3.892860305442584
[OTHER]	I	56	3.866684938781339
[OTHER]	I	57	3.861284763281818
[OTHER]	I	58	3.88225340573445
[OTHER]	I	59	3.927315224332536
[OTHER]	I	60	3.986325308672249
[OTHER]	I	61	4.048796606236842
[OTHER]	I	62	4.104242064509569
[OTHER]	I	63	4.143043708425359
[OTHER]	I	64	4.175572344307656
[OTHER]	I	65	4.2321875598684215
[OTHER]	I	66	4.344118020271292
[OTHER]	I	67	4.542592390679904
[OTHER]	I	68	4.857297173064115
[OTHER]	I	69	5.282449115936842
[OTHER]	I	70	5.776795214354067
[OTHER]	I	71	6.297540300177991
[OTHER]	I	72	6.801889205270813
[OTHER]	I	73	7.248274114718182
[OTHER]	I	74	7.623356337744976
[OTHER]	I	75	7.942026307715311
[OTHER]	I	76	8.220401811216746
[OTHER]	I	77	8.474600634836843
[OTHER]	I	78	8.720404777942585
[OTHER]	I	79	8.965873133827753
[OTHER]	II	50	0.6090860951435408
[OTHER]	II	51	0.7314514530861245
[OTHER]	II	52	0.8538168110287082
[OTHER]	II	53	0.976119672791579
[OTHER]	II	54	1.0968601300616267
[OTHER]	II	55	1.2131008623923445
[OTHER]	II	56	1.321842053157512
[OTHER]	II	57	1.420083885730909
[OTHER]	II	58	1.5050900210545932
[OTHER]	II	59	1.5801841041410047
[OTHER]	II	60	1.6547497640729665
[OTHER]	II	61	1.738434107501579
[OTHER]	II	62	1.840884241077943
[OTHER]	II	63	1.971357341300048
[OTHER]	II	64	2.1301421911443543
[OTHER]	II	65	2.3085591800657896
[OTHER]	II	66	2.4975387673661724
[OTHER]	II	67	2.688011412347321
[OTHER]	II	68	2.8711589255452155
[OTHER]	II	69	3.043944195881579
[OTHER]	II	70	3.209111190663876
[OTHER]	II	71	3.369655228433732
[OTHER]	II	72	3.528571627732775
[OTHER]	II	73	3.688781365719091
[OTHER]	II	74	3.85149556772933
[OTHER]	II	75	4.016215507278708
[OTHER]	II	76	4.1823681164989
[OTHER]	II	77	4.349380327521579
[OTHER]	II	78	4.516691011392344
[OTHER]	II	79	4.684013634177033
[OTHER]	III	50	1.094293173923445
[OTHER]	III	51	1.227465504354067
[OTHER]	III	52	1.360637834784689
[OTHER]	III	53	1.493851103263158
[OTHER]	III	54	1.628087822937799
[OTHER]	III	55	1.7652720820574164
[OTHER]	III	56	1.9073689069186608
[OTHER]	III	57	2.056343323818182
[OTHER]	III	58	2.2142573461655504
[OTHER]	III	59	2.3854036909674643
[OTHER]	III	60	2.5763057788277512
[OTHER]	III	61	2.7935840174631577
[OTHER]	III	62	3.0438588145904304
[OTHER]	III	63	3.333519396274641
[OTHER]	III	64	3.663637810592344
[OTHER]	III	65	4.029968927631579
[OTHER]	III	66	4.428036435828709
[OTHER]	III	67	4.853364023620096
[OTHER]	III	68	5.301310277135886
[OTHER]	III	69	5.763436429463158
[OTHER]	III	70	6.227506360645933
[OTHER]	III	71	6.68111884842201
[OTHER]	III	72	7.111872670529186
[OTHER]	III	73	7.507797715581818
[OTHER]	III	74	7.866839422355024
[OTHER]	III	75	8.196858779784689
[OTHER]	III	76	8.506147887683253
[OTHER]	III	77	8.802998845863158
[OTHER]	III	78	9.095531002057417
[OTHER]	III	79	9.387890406172248
[OTHER]	IV	50	0.7586299842105262
[OTHER]	IV	51	0.9455126305263156
[OTHER]	IV	52	1.1323952768421053
[OTHER]	IV	53	1.3193316604263161
[OTHER]	IV	54	1.5076114757210528
[OTHER]	IV	55	1.6997603743421057
[OTHER]	IV	56	1.8983577451736844
[OTHER]	IV	57	2.1059829771
[OTHER]	IV	58	2.3253089550947372
[OTHER]	IV	59	2.561158974189474
[OTHER]	IV	60	2.820506739473684
[OTHER]	IV	61	3.110419452126316
[OTHER]	IV	62	3.4379643133263156
[OTHER]	IV	63	3.8098257143947367
[OTHER]	IV	64	4.223883419921052
[OTHER]	IV	65	4.669212567763157
[OTHER]	IV	66	5.134505485921053
[OTHER]	IV	67	5.6084545023947365
[OTHER]	IV	68	6.0799378415263154
[OTHER]	IV	69	6.542109343526316
[OTHER]	IV	70	6.992398464473684
[OTHER]	IV	71	7.428420556789473
[OTHER]	IV	72	7.847790972894736
[OTHER]	IV	73	8.2482590314
[OTHER]	IV	74	8.630655273273684
[OTHER]	IV	75	8.998891461842105
[OTHER]	IV	76	9.357013326621052
[OTHER]	IV	77	9.709066597126316
[OTHER]	IV	78	10.059012716842108
[OTHER]	IV	79	10.408874550526315
[OTHER]	NotStaged	50	25.74618570813397
[OTHER]	NotStaged	51	27.411877024880383
[OTHER]	NotStaged	52	29.07756834162679
[OTHER]	NotStaged	53	30.744252839789475
[OTHER]	NotStaged	54	32.43576687335885
[OTHER]	NotStaged	55	34.19878996889952
[OTHER]	NotStaged	56	36.08099483439234
[OTHER]	NotStaged	57	38.13005417781818
[OTHER]	NotStaged	58	40.39239972966029
[OTHER]	NotStaged	59	42.885920737956944
[OTHER]	NotStaged	60	45.59996396830144
[OTHER]	NotStaged	61	48.52263520878948
[OTHER]	NotStaged	62	51.64204024751675
[OTHER]	NotStaged	63	54.94584345556938
[OTHER]	NotStaged	64	58.4115566128134
[OTHER]	NotStaged	65	62.006538907894736
[OTHER]	NotStaged	66	65.69770811244976
[OTHER]	NotStaged	67	69.45198199811483
[OTHER]	NotStaged	68	73.2387830050622
[OTHER]	NotStaged	69	77.08514094978948
[OTHER]	NotStaged	70	81.07569302511962
[OTHER]	NotStaged	71	85.29758109241148
[OTHER]	NotStaged	72	89.83794701302392
[OTHER]	NotStaged	73	94.7802455651818
[OTHER]	NotStaged	74	100.1231286150287
[OTHER]	NotStaged	75	105.7804451166268
[OTHER]	NotStaged	76	111.6623569409043
[OTHER]	NotStaged	77	117.67902595878948
[OTHER]	NotStaged	78	123.74248566889952
[OTHER]	NotStaged	79	129.80781700669854
